https://d-nb.info/gnd/10009098-9	https://rpb.lobid.org/spatial#n14009205
https://d-nb.info/gnd/10039859-5	https://rpb.lobid.org/spatial#n311000000400
https://d-nb.info/gnd/10058023-3	https://rpb.lobid.org/spatial#n13306002
https://d-nb.info/gnd/2018037-8	https://rpb.lobid.org/spatial#n133110870101
https://d-nb.info/gnd/2030779-2	https://rpb.lobid.org/spatial#n33404
https://d-nb.info/gnd/4001416-2	https://rpb.lobid.org/spatial#n132
https://d-nb.info/gnd/4001606-7	https://rpb.lobid.org/spatial#n33100003
https://d-nb.info/gnd/4001607-9	https://rpb.lobid.org/spatial#n33100003
https://d-nb.info/gnd/4001608-0	https://rpb.lobid.org/spatial#n331
https://d-nb.info/gnd/4001919-6	https://rpb.lobid.org/spatial#n13700003
https://d-nb.info/gnd/4006753-1	https://rpb.lobid.org/spatial#n33900005
https://d-nb.info/gnd/4010335-3	https://rpb.lobid.org/spatial#n135
https://d-nb.info/gnd/4010908-2	https://rpb.lobid.org/spatial#n34001004
https://d-nb.info/gnd/4011316-4	https://rpb.lobid.org/spatial#n33201009
https://d-nb.info/gnd/4011882-4	https://rpb.lobid.org/spatial#n01
https://d-nb.info/gnd/4012734-5	https://rpb.lobid.org/spatial#n333
https://d-nb.info/gnd/4013243-2	https://rpb.lobid.org/spatial#n33200002
https://d-nb.info/gnd/4013545-7	https://rpb.lobid.org/spatial#n33703020
https://d-nb.info/gnd/4013749-1	https://rpb.lobid.org/spatial#n20
https://d-nb.info/gnd/4014614-5	https://rpb.lobid.org/spatial#n14110006
https://d-nb.info/gnd/4014615-7	https://rpb.lobid.org/spatial#n14110006
https://d-nb.info/gnd/4015638-2	https://rpb.lobid.org/spatial#n13703025
https://d-nb.info/gnd/4017262-4	https://rpb.lobid.org/spatial#n33502007
https://d-nb.info/gnd/4022311-5	https://rpb.lobid.org/spatial#n33200024
https://d-nb.info/gnd/4024911-6	https://rpb.lobid.org/spatial#n23306029
https://d-nb.info/gnd/4026463-4	https://rpb.lobid.org/spatial#n13400045
https://d-nb.info/gnd/4026954-1	https://rpb.lobid.org/spatial#n33900030
https://d-nb.info/gnd/4028839-0	https://rpb.lobid.org/spatial#n4028836n5
https://d-nb.info/gnd/4029261-7	https://rpb.lobid.org/spatial#n31200000
https://d-nb.info/gnd/4030784-0	https://rpb.lobid.org/spatial#n33304039
https://d-nb.info/gnd/4031410-8	https://rpb.lobid.org/spatial#n11100000
https://d-nb.info/gnd/4031416-9	https://rpb.lobid.org/spatial#n11100000
https://d-nb.info/gnd/4033085-0	https://rpb.lobid.org/spatial#n13300006
https://d-nb.info/gnd/4033086-2	https://rpb.lobid.org/spatial#n133
https://d-nb.info/gnd/4033914-2	https://rpb.lobid.org/spatial#n4064074n7
https://d-nb.info/gnd/4034105-7	https://rpb.lobid.org/spatial#n14100075
https://d-nb.info/gnd/4034173-2	https://rpb.lobid.org/spatial#n33806016
https://d-nb.info/gnd/4036472-0	https://rpb.lobid.org/spatial#n31400000
https://d-nb.info/gnd/4037124-4	https://rpb.lobid.org/spatial#n31500000
https://d-nb.info/gnd/4037129-3	https://rpb.lobid.org/spatial#n31500000
https://d-nb.info/gnd/4038112-2	https://rpb.lobid.org/spatial#n13700068
https://d-nb.info/gnd/4038114-6	https://rpb.lobid.org/spatial#n13700068
https://d-nb.info/gnd/4038470-6	https://rpb.lobid.org/spatial#n13310065
https://d-nb.info/gnd/4041741-4	https://rpb.lobid.org/spatial#n13100007
https://d-nb.info/gnd/4041946-0	https://rpb.lobid.org/spatial#n31600000
https://d-nb.info/gnd/4041991-5	https://rpb.lobid.org/spatial#n13800045
https://d-nb.info/gnd/4042292-6	https://rpb.lobid.org/spatial#n33907043
https://d-nb.info/gnd/4044075-8	https://rpb.lobid.org/spatial#n33107055
https://d-nb.info/gnd/4046145-2	https://rpb.lobid.org/spatial#n31700000
https://d-nb.info/gnd/4046146-4	https://rpb.lobid.org/spatial#n340
https://d-nb.info/gnd/4046490-8	https://rpb.lobid.org/spatial#n13702089
https://d-nb.info/gnd/4049787-2	https://rpb.lobid.org/spatial#n141
https://d-nb.info/gnd/4050237-5	https://rpb.lobid.org/spatial#n33307502
https://d-nb.info/gnd/4051109-1	https://rpb.lobid.org/spatial#n70
https://d-nb.info/gnd/4055137-4	https://rpb.lobid.org/spatial#n13100077
https://d-nb.info/gnd/4056179-3	https://rpb.lobid.org/spatial#n31800000
https://d-nb.info/gnd/4060877-3	https://rpb.lobid.org/spatial#n21100000
https://d-nb.info/gnd/4060880-3	https://rpb.lobid.org/spatial#n21100000
https://d-nb.info/gnd/4061836-5	https://rpb.lobid.org/spatial#n13807073
https://d-nb.info/gnd/4066136-2	https://rpb.lobid.org/spatial#n34002057
https://d-nb.info/gnd/4066668-2	https://rpb.lobid.org/spatial#n23100134
https://d-nb.info/gnd/4066882-4	https://rpb.lobid.org/spatial#n33608105
https://d-nb.info/gnd/4066942-7	https://rpb.lobid.org/spatial#n31900000
https://d-nb.info/gnd/4068199-3	https://rpb.lobid.org/spatial#n32000000
https://d-nb.info/gnd/4074468-1	https://rpb.lobid.org/spatial#n315000000600
https://d-nb.info/gnd/4079628-0	https://rpb.lobid.org/spatial#n13101
https://d-nb.info/gnd/4085294-5	https://rpb.lobid.org/spatial#n13501020
https://d-nb.info/gnd/4085544-2	https://rpb.lobid.org/spatial#n33302019
https://d-nb.info/gnd/4087278-6	https://rpb.lobid.org/spatial#n33702005
https://d-nb.info/gnd/4088337-1	https://rpb.lobid.org/spatial#n33900005
https://d-nb.info/gnd/4088395-4	https://rpb.lobid.org/spatial#n23200018
https://d-nb.info/gnd/4091307-7	https://rpb.lobid.org/spatial#n33200002
https://d-nb.info/gnd/4092439-7	https://rpb.lobid.org/spatial#n33302019
https://d-nb.info/gnd/4092705-2	https://rpb.lobid.org/spatial#n33101032
https://d-nb.info/gnd/4093012-9	https://rpb.lobid.org/spatial#n33101025
https://d-nb.info/gnd/4093874-8	https://rpb.lobid.org/spatial#n13100090
https://d-nb.info/gnd/4094147-4	https://rpb.lobid.org/spatial#n33200024
https://d-nb.info/gnd/4094594-7	https://rpb.lobid.org/spatial#n316000000700
https://d-nb.info/gnd/4096879-0	https://rpb.lobid.org/spatial#n31200000
https://d-nb.info/gnd/4098020-0	https://rpb.lobid.org/spatial#n33703028
https://d-nb.info/gnd/4098429-1	https://rpb.lobid.org/spatial#n33304039
https://d-nb.info/gnd/4098580-5	https://rpb.lobid.org/spatial#n111000000500
https://d-nb.info/gnd/4098864-8	https://rpb.lobid.org/spatial#n336
https://d-nb.info/gnd/4101147-8	https://rpb.lobid.org/spatial#n31600000
https://d-nb.info/gnd/4101880-1	https://rpb.lobid.org/spatial#n33900030
https://d-nb.info/gnd/4101915-5	https://rpb.lobid.org/spatial#n33903046
https://d-nb.info/gnd/4102224-5	https://rpb.lobid.org/spatial#n24
https://d-nb.info/gnd/4103077-1	https://rpb.lobid.org/spatial#n319000001100
https://d-nb.info/gnd/4104779-5	https://rpb.lobid.org/spatial#n13310
https://d-nb.info/gnd/4106963-8	https://rpb.lobid.org/spatial#n33511047
https://d-nb.info/gnd/4108134-1	https://rpb.lobid.org/spatial#n4766893n3
https://d-nb.info/gnd/4108447-0	https://rpb.lobid.org/spatial#n13208117
https://d-nb.info/gnd/4108738-0	https://rpb.lobid.org/spatial#n31900000
https://d-nb.info/gnd/4108741-0	https://rpb.lobid.org/spatial#n319000000900
https://d-nb.info/gnd/4111197-7	https://rpb.lobid.org/spatial#n31300000
https://d-nb.info/gnd/4115978-0	https://rpb.lobid.org/spatial#n31700000
https://d-nb.info/gnd/4118752-0	https://rpb.lobid.org/spatial#n31800000
https://d-nb.info/gnd/4132467-5	https://rpb.lobid.org/spatial#n13300006
https://d-nb.info/gnd/4134582-4	https://rpb.lobid.org/spatial#n34002014
https://d-nb.info/gnd/4135922-7	https://rpb.lobid.org/spatial#n31100000
https://d-nb.info/gnd/4170906-8	https://rpb.lobid.org/spatial#n33800019
https://d-nb.info/gnd/4196647-8	https://rpb.lobid.org/spatial#n137002030105
https://d-nb.info/gnd/4206680-3	https://rpb.lobid.org/spatial#n23200018
https://d-nb.info/gnd/4209136-6	https://rpb.lobid.org/spatial#n13102049
https://d-nb.info/gnd/4217427-2	https://rpb.lobid.org/spatial#n34004038
https://d-nb.info/gnd/4223827-4	https://rpb.lobid.org/spatial#n13800045
https://d-nb.info/gnd/4225802-9	https://rpb.lobid.org/spatial#n338
https://d-nb.info/gnd/4225888-1	https://rpb.lobid.org/spatial#n33901038
https://d-nb.info/gnd/4232650-3	https://rpb.lobid.org/spatial#n13310076
https://d-nb.info/gnd/4237985-4	https://rpb.lobid.org/spatial#n13210501
https://d-nb.info/gnd/4239312-7	https://rpb.lobid.org/spatial#n14310010
https://d-nb.info/gnd/4242029-5	https://rpb.lobid.org/spatial#n319000000400
https://d-nb.info/gnd/4245773-7	https://rpb.lobid.org/spatial#n33102018
https://d-nb.info/gnd/4249664-0	https://rpb.lobid.org/spatial#n13402010
https://d-nb.info/gnd/4272587-2	https://rpb.lobid.org/spatial#n14004028
https://d-nb.info/gnd/4282906-9	https://rpb.lobid.org/spatial#n33202015
https://d-nb.info/gnd/4294943-9	https://rpb.lobid.org/spatial#n13101058
https://d-nb.info/gnd/4320663-3	https://rpb.lobid.org/spatial#n13100070
https://d-nb.info/gnd/4330569-6	https://rpb.lobid.org/spatial#n33511047
https://d-nb.info/gnd/4341173-3	https://rpb.lobid.org/spatial#n131000900800
https://d-nb.info/gnd/4344514-7	https://rpb.lobid.org/spatial#n13306117
https://d-nb.info/gnd/4345760-5	https://rpb.lobid.org/spatial#n33800004
https://d-nb.info/gnd/4355637-1	https://rpb.lobid.org/spatial#n13405069
https://d-nb.info/gnd/4357603-5	https://rpb.lobid.org/spatial#n33304
https://d-nb.info/gnd/4358517-6	https://rpb.lobid.org/spatial#n131042020101
https://d-nb.info/gnd/4362856-4	https://rpb.lobid.org/spatial#n33704038
https://d-nb.info/gnd/4363417-5	https://rpb.lobid.org/spatial#n33102034
https://d-nb.info/gnd/4364740-6	https://rpb.lobid.org/spatial#n13501 ; https://rpb.lobid.org/spatial#n13502 ; https://rpb.lobid.org/spatial#n14003
https://d-nb.info/gnd/4379861-5	https://rpb.lobid.org/spatial#n13400045
https://d-nb.info/gnd/4381003-2	https://rpb.lobid.org/spatial#n33706047
https://d-nb.info/gnd/4383700-1	https://rpb.lobid.org/spatial#n13700003
https://d-nb.info/gnd/4389872-5	https://rpb.lobid.org/spatial#n33901044
https://d-nb.info/gnd/4390589-4	https://rpb.lobid.org/spatial#n22 ; https://rpb.lobid.org/spatial#n24
https://d-nb.info/gnd/4394679-3	https://rpb.lobid.org/spatial#n23501153
https://d-nb.info/gnd/4397903-8	https://rpb.lobid.org/spatial#n33106
https://d-nb.info/gnd/4398385-6	https://rpb.lobid.org/spatial#n23109124
https://d-nb.info/gnd/4398682-1	https://rpb.lobid.org/spatial#n33106073
https://d-nb.info/gnd/4402280-3	https://rpb.lobid.org/spatial#n33906042
https://d-nb.info/gnd/4413715-1	https://rpb.lobid.org/spatial#n31400000
https://d-nb.info/gnd/4419209-5	https://rpb.lobid.org/spatial#n13401005
https://d-nb.info/gnd/4431980-0	https://rpb.lobid.org/spatial#n33307061
https://d-nb.info/gnd/4435764-3	https://rpb.lobid.org/spatial#n14008144
https://d-nb.info/gnd/4437148-2	https://rpb.lobid.org/spatial#n33701501
https://d-nb.info/gnd/4439340-4	https://rpb.lobid.org/spatial#n33703020
https://d-nb.info/gnd/4440988-6	https://rpb.lobid.org/spatial#n32000000
https://d-nb.info/gnd/4465181-8	https://rpb.lobid.org/spatial#n33400007
https://d-nb.info/gnd/4465454-6	https://rpb.lobid.org/spatial#n33303501
https://d-nb.info/gnd/4477189-7	https://rpb.lobid.org/spatial#n33900030
https://d-nb.info/gnd/4487283-5	https://rpb.lobid.org/spatial#n23101012
https://d-nb.info/gnd/4490160-4	https://rpb.lobid.org/spatial#n23101008
https://d-nb.info/gnd/4492000-3	https://rpb.lobid.org/spatial#n13505092
https://d-nb.info/gnd/4494920-0	https://rpb.lobid.org/spatial#n132070370132
https://d-nb.info/gnd/4510343-4	https://rpb.lobid.org/spatial#n34001009
https://d-nb.info/gnd/4513698-1	https://rpb.lobid.org/spatial#n34006025
https://d-nb.info/gnd/4514918-5	https://rpb.lobid.org/spatial#n33608105
https://d-nb.info/gnd/4515864-2	https://rpb.lobid.org/spatial#n33900030
https://d-nb.info/gnd/4516462-9	https://rpb.lobid.org/spatial#n33608090
https://d-nb.info/gnd/4525166-6	https://rpb.lobid.org/spatial#n315000001400
https://d-nb.info/gnd/4537646-3	https://rpb.lobid.org/spatial#n33701033
https://d-nb.info/gnd/4548284-6	https://rpb.lobid.org/spatial#n13203018
https://d-nb.info/gnd/4552923-1	https://rpb.lobid.org/spatial#n13402015
https://d-nb.info/gnd/4554879-1	https://rpb.lobid.org/spatial#n14000501
https://d-nb.info/gnd/4556462-0	https://rpb.lobid.org/spatial#n339000050300
https://d-nb.info/gnd/4567835-2	https://rpb.lobid.org/spatial#n23208075
https://d-nb.info/gnd/4583350-3	https://rpb.lobid.org/spatial#n13401027
https://d-nb.info/gnd/4586668-5	https://rpb.lobid.org/spatial#n319000000200
https://d-nb.info/gnd/4601064-6	https://rpb.lobid.org/spatial#n14307064
https://d-nb.info/gnd/4609125-7	https://rpb.lobid.org/spatial#n13405046
https://d-nb.info/gnd/4611569-9	https://rpb.lobid.org/spatial#n33610055
https://d-nb.info/gnd/4621871-3	https://rpb.lobid.org/spatial#n33610003
https://d-nb.info/gnd/4622084-7	https://rpb.lobid.org/spatial#n33105070
https://d-nb.info/gnd/4626981-2	https://rpb.lobid.org/spatial#n33106058
https://d-nb.info/gnd/4646033-0	https://rpb.lobid.org/spatial#n33702005
https://d-nb.info/gnd/4646197-8	https://rpb.lobid.org/spatial#n33107071
https://d-nb.info/gnd/4647403-1	https://rpb.lobid.org/spatial#n33102038
https://d-nb.info/gnd/4652798-9	https://rpb.lobid.org/spatial#n14103029
https://d-nb.info/gnd/4659989-7	https://rpb.lobid.org/spatial#n138000450300
https://d-nb.info/gnd/4660517-4	https://rpb.lobid.org/spatial#n14004041
https://d-nb.info/gnd/4661513-1	https://rpb.lobid.org/spatial#n13800045
https://d-nb.info/gnd/4668101-2	https://rpb.lobid.org/spatial#n14003064
https://d-nb.info/gnd/4671158-2	https://rpb.lobid.org/spatial#n23208282
https://d-nb.info/gnd/4671218-5	https://rpb.lobid.org/spatial#n33106004
https://d-nb.info/gnd/4672872-7	https://rpb.lobid.org/spatial#n34001004
https://d-nb.info/gnd/4678234-5	https://rpb.lobid.org/spatial#n13709220
https://d-nb.info/gnd/4680138-8	https://rpb.lobid.org/spatial#n4116352n7
https://d-nb.info/gnd/4680327-0	https://rpb.lobid.org/spatial#n13206010
https://d-nb.info/gnd/4682268-9	https://rpb.lobid.org/spatial#n4064074n7
https://d-nb.info/gnd/4682516-2	https://rpb.lobid.org/spatial#n13306109
https://d-nb.info/gnd/4682752-3	https://rpb.lobid.org/spatial#n14003504
https://d-nb.info/gnd/4688164-5	https://rpb.lobid.org/spatial#n14009031
https://d-nb.info/gnd/4689935-2	https://rpb.lobid.org/spatial#n13306061
https://d-nb.info/gnd/4705109-7	https://rpb.lobid.org/spatial#n33107039
https://d-nb.info/gnd/4717163-7	https://rpb.lobid.org/spatial#n135050710100
https://d-nb.info/gnd/4724965-1	https://rpb.lobid.org/spatial#n33610097
https://d-nb.info/gnd/4735469-0	https://rpb.lobid.org/spatial#n111000000400
https://d-nb.info/gnd/4735479-3	https://rpb.lobid.org/spatial#n111000001700
https://d-nb.info/gnd/4735490-2	https://rpb.lobid.org/spatial#n111000001800
https://d-nb.info/gnd/4747253-4	https://rpb.lobid.org/spatial#n23109124
https://d-nb.info/gnd/4753339-0	https://rpb.lobid.org/spatial#n33907049
https://d-nb.info/gnd/4763838-2	https://rpb.lobid.org/spatial#n33206013
https://d-nb.info/gnd/4769789-1	https://rpb.lobid.org/spatial#n14103130
https://d-nb.info/gnd/4778261-4	https://rpb.lobid.org/spatial#n13310065
https://d-nb.info/gnd/4808694-0	https://rpb.lobid.org/spatial#n13309052
https://d-nb.info/gnd/4815296-1	https://rpb.lobid.org/spatial#n23306240
https://d-nb.info/gnd/4820683-0	https://rpb.lobid.org/spatial#n13210501
https://d-nb.info/gnd/4835702-9	https://rpb.lobid.org/spatial#n14109122
https://d-nb.info/gnd/4842984-3	https://rpb.lobid.org/spatial#n13310102
https://d-nb.info/gnd/4847140-9	https://rpb.lobid.org/spatial#n33901062
https://d-nb.info/gnd/4849354-5	https://rpb.lobid.org/spatial#n33307021
https://d-nb.info/gnd/5118947-1	https://rpb.lobid.org/spatial#n231001340500
https://d-nb.info/gnd/5126486-9	https://rpb.lobid.org/spatial#n315000001600
https://d-nb.info/gnd/7543817-3	https://rpb.lobid.org/spatial#n23109110
https://d-nb.info/gnd/7552075-8	https://rpb.lobid.org/spatial#n332070010105
https://d-nb.info/gnd/7566498-7	https://rpb.lobid.org/spatial#n33307024
https://d-nb.info/gnd/7566939-0	https://rpb.lobid.org/spatial#n14004067
https://d-nb.info/gnd/7603500-1	https://rpb.lobid.org/spatial#n33610025
https://d-nb.info/gnd/7605206-0	https://rpb.lobid.org/spatial#n13401005
https://d-nb.info/gnd/7641281-7	https://rpb.lobid.org/spatial#n33307502
https://d-nb.info/gnd/7651676-3	https://rpb.lobid.org/spatial#n33306503
https://d-nb.info/gnd/7663655-0	https://rpb.lobid.org/spatial#n34008211
https://d-nb.info/gnd/7722505-3	https://rpb.lobid.org/spatial#n231010080200
