rppdId	preferredName
pk03206	Stein, Alfred
pk02780	Weitzel, Günter
pk03187	Reuter, Johann
pk03654	Ratka, Alexander Simon
pk03508	Schmidt, Arno
pk03584	Vogt, Klaus
pk03910	Dörner, Kurt
pk03908	Moesta, Anette
pk03975	Kalfhaus, Heinz
pk03986	Kuhn, Manfred
pk04779	Menschel, Alfons
pk05027	Jacobs, Matthias
pk05009	Müller, Adolf
pk05243	Hasse, Willi
ps04603	Feick, Otto
pk06687	Abraham, Ludwig
pk06689	Abraham, Bina
pk06692	Abraham, Otto
pk06693	Haas, Anna Alice
pk06695	Abraham, Alexander
pk06696	Abraham, Karl
pk06703	Andres, Carl
pk06704	Andres, Philipp
pk06705	Andres, Jacob
pk06706	Andres, Philipp
pk06707	Andres, Friedrich Jakob
pk06708	Andres, Hans
pk06675	Alexander, Philipp
pk06677	Alexander, Georg Philipp
pk06364	Weber, Shari
pk06682	Alexander, Franz Anton
pk07309	Wollersheim, Franz
pk06702	Andres, Johann Philipp
pk06709	Andres, Ernst Ulrich
pk06681	Alexander, Georg Philipp
pk06686	Wolf, Hilde
pk06688	Abraham, Lina
pk06691	Abraham, Alexander
pk06694	Abraham, Alex
pk06996	Menges 1979
pka0152	Cadenbach, Hugo
pka0818	Settegast, Heinrich
pkc0180	König, Wilhelm
pkc0201	Matthäus, ...
pkc0115	Günther, ...
pkc0179	König, Kurt
pkc0332	Weiß, Leonhard
pkc0097	Füllroth, ...
pkc0131	Hess, ...
pkc0140	Hövel, ... ¬vom¬
pkc0130	Heß, ...
pkc0144	Horn, ...
pkc0173	Koch, Ernst
pkc0246	Rosenstock, ...
pkc0266	Schmidt, Johann
pkd1086	Else / von Cochem
pkd0988	Friedrich / von Warsberg-Saarbrücken
pma0143	Erhart, Josef
pma0374	Mertes, Franz
pma0477	Scheuermann, Wilfried
pma0575	Weisenborn, Werner
ps01201	Bilderbeck, Ludwig Franz Freiherr ¬von¬
ps00006	Arndt, Ursula
ps01199	Biegel, Johannes
ps01021	Amelrich
ps01022	Amarcius, Sextus
ps01049	Attmann
ps01052	Augenreich, Eberhart
ps01075	Balther, = Balderich
ps01082	Barz, Adam
ps01085	Baudy, Friedel
ps01190	Beutelspacher, Joh. Michael
ps01194	Beywegh, Peter Kornel ¬von¬
ps01196	Bibiena Galli da, Ferdinando
ps01007	Agnes Dorothea, Gräfin zu Waldeck
ps01039	Antz, Walther
ps01042	Arnold I., Graf von Feldenburg
ps01043	Arnold II
ps01242	Blum, Hans Jakob
ps01088	Bauer, Berta
ps01090	Bauer, Jakob
ps01098	Baumann, F
ps01103	Baumbach, Richard
ps01106	Baumhauer, Hermann
ps01217	Blaich, Evelyn
ps01258	Boell, Charles Gustave Albert
ps01262	Börtzler, Friedrich
ps01263	Boesel, Carl
ps01264	Bösel, Carl
ps01359	Bruno, Graf von Saarbrücken
ps01187	Betz, Georg
ps01188	de Betze, Jerch
ps01189	Beurmann, Pierre Prédérice ¬de¬
ps01210	Bischoff, Nicole
ps01167	Berkhout, Nicolaus
ps01216	Blättner, Heinrich
ps01218	Blanca (Prinzessin) von Plantagnet-Lancaster
ps01219	Blanke, Gustav H
ps01221	Blankenheim, Walter
ps01222	Blasius, Pantaleon
ps01225	Blasi, Pantaleon
ps01226	Blatter, Thomas
ps01229	Blaum, Walter
ps01233	Blenk, Jakob
ps01236	Blick, Klaus
ps01241	Blümlein, Klaus
ps01203	Gerlacher, Diebold
ps01204	Binder, Friedrich
ps01473	Coblentz, Johanna
ps01475	Coerper, Johann Baptist
ps01480	Conjola, Karl Anton Franz
ps01482	Conrad, Daniel ¬von¬
ps01486	Conta, Gottlieb
ps01487	Copius, Balthasar
ps01489	Corb, Hans
ps01494	Correll, Heinrich
ps01495	Correll, Hermann
ps01002	Adolf, Graf von Eppenstein
ps01004	Adrcáu, Jörg
ps01005	Agnes, Gemahlin Herzog Ottos II. von Bayern
ps01006	Agnes von Saarbrücken
ps01009	Albada, Aggaeus van
ps01013	Albrecht I.
ps01015	Alffermann, Johann Benedict
ps01018	Altz, Dieter
ps01023	Amberger, Christel
ps01030	Amyraut, Balthasar Oktavian
ps01031	Amiraldus, Balthasar Oktavian
ps01034	Andreae, Henricus Johannes
ps01035	Anna Maria Ludovica de ""Medici""
ps01060	Bach, Philipp
ps01061	Bachmann, Anneliese
ps01063	Back, Bruno
ps01065	Baegert, Jean-Jacques
ps01064	Bader, Matthaeus
ps01066	Bähr, Cornel
ps01067	Beerwind, Rudi
ps01068	Bagger, Boris Björn
ps01073	Bakke, Erasmus Johannes ¬von¬
ps01074	Balderich
ps01078	Altes, Peter Josef
ps01079	Bantz, Hermann
ps01080	Barth, Rolf
ps01083	Basinus
ps01084	Bastard, Francois Joseph
ps01089	Bauer, Elmar
ps01113	Bach, Josef
ps01119	Becker, Angela
ps01124	Becker, Heinrich
ps01126	Becker, Jochen
ps01131	Beckerle, Titus
ps01135	Belk, Franziska
ps01151	Benner-Brecht, Els
ps01153	Bensch, Gustav
ps01200	Bihn, Karl-Heinz
ps01111	Bazlen, Max
ps01115	Bechtold, Jean
ps01132	Beer, Georges Guillaume ¬de¬
ps01143	Schönberg, August
ps01179	Berthold, Ilse
ps01180	Berthold, Graf von Bucheik
ps01181	Bertram, Antoine (oder Anton)
ps01182	Bertram, Anton (auch Antoine)
ps01271	Bold, Alfons
ps01273	Bollenbach, Bernhard
ps01275	Bollinger, Otto ¬von¬
ps01277	Bolthauser, Hans Heinrich
ps01278	Bolza, Oskar
ps01280	Boner, Hans Severin
ps01285	Borggrefe, Friedhelm
ps01288	Borries, Detlof Graf ¬von¬
ps01291	Bossle, Lothar
ps01292	Boßlet, Eberhard
ps01294	Bourquin, Albert
ps01298	Branden, Peter van den
ps01437	Häring, Hans Friedrich August
ps01439	Cassel, Christian
ps01440	Catheart zu Carbiston
ps01442	Cetto, Anton Freiherr ¬von¬
ps01443	Cetto, Joh. Philipp
ps01446	Charlotte Friederike
ps01447	Cherwell (Lord)
ps01448	Chlingensperg auf Berg, Friedrich ¬von¬
ps01451	Christian II. Herzog v. Birkenfeld-Bischweiler
ps01453	Christian IV., Herzog v. Zweibrücken
ps01154	Bentabole, Pierre Louis
ps01155	Bentz, Marie
ps01158	Berger, Karl-Heinz
ps01161	Bergmann, Richard August
ps01162	Bergsträsser, Erwin
ps01163	Bergthold, Christian
ps01164	Beringer von Eutringen
ps01174	Bernhardt, Dieter
ps01176	Beroldingen, Joseph Ignaz
ps01245	Boas, Horst
ps01363	Bub, Friedrich
ps01367	Buchheit, Hans
ps01382	Buhl, Franz-Peter
ps01388	Burckhardt, Johann Philipp
ps01395	Burkhard, Käthe
ps01403	Butters, Immanuel Friedrich
ps01406	Balther
ps01409	Frick, Hedwig
ps01410	Brecht, Els
ps01411	Glatzel, Barbara
ps01412	Hubera, Ann
ps01414	Rühling, Max
ps01415	Ross, Karin
ps01416	Harling, Anita
ps01417	Kämpfe, Hermann Franz Joseph Hubertus Maria
ps01418	Breidenborn, Edle ¬von¬
ps01419	Caesarius von Heisterbach
ps01422	Caire, Carl
ps01423	Calles-Storr, Ilse
ps01424	Storr, Ilse
ps01427	Camerarius, Philipp
ps01429	Candidus, August
ps01430	Candidus, Pantaleon
ps01438	Caspar
ps01441	Catty, Johann Bernhard
ps01449	Christ, Franz Xaver
ps01450	Christian I. Herzog v. Birkenfeld-Bischweiler
ps01452	Christian / Pfalz-Zweibrücken, Herzog, III.
ps01462	Clauß, Emilie
ps01246	Tragus
ps01249	Böckel, Matthias
ps01252	Boege, Uta
ps01254	Böhn, Georg Friedrich
ps01255	Böhmer, Christian
ps01257	Boell, Anemone
ps01260	Börner, Fritz
ps01295	Bouschen, Franziska
ps01299	Brandenburg, Hans-Christian
ps01302	Brandt, Heinrich Carl
ps01303	Brandusescu-Serban, Delia
ps01305	Braster, Ludwig
ps01312	Braun, Josef
ps01314	Braun, Karl Otto
ps01315	Braun, Manfred
ps01317	Brauner, August
ps01318	Braunsdorf, Gisela
ps01322	Bredhauer, Anneliese
ps01323	Breinig, Ludwig
ps01324	Breith
ps01325	Breith, Gustav
ps01327	Bremer, Werner
ps01328	Brendel, Armin Hubert Severino
ps01329	Severino
ps01331	Brenner, Bernhard
ps01339	Bronner, Benno
ps01356	Brunne (Geschlecht)
ps01357	Brunner
ps01268	Bohner, Theodor
ps01272	Bollen, Hans
ps01274	Bollinger, Heinrich Karl Philipp
ps01276	Boltschauser, Hans Heinrich
ps01279	Bon, Jean
ps01281	Bonneß, Wilhelm
ps01282	Bonnet, Johann Karl
ps01283	Borcht, Hendrik van der d. Ältere
ps01284	Borcht, Hendrik van der d. Jüngere
ps01286	Borlinghaus, Luitgart
ps01326	Bremer, Hugo
ps01332	Brenner, Carl
ps01333	Bretz, Karl
ps01334	Breuchel, Philipp Jakob
ps01335	Brier, Peter ¬de¬
ps01336	Brill, Rudi
ps01337	Brinckmann, Philipp Hieronymus
ps01338	Brinkmann, Käte
ps01340	Broser, Fritz
ps01341	Brotzler, Georg
ps01343	Bruch, Julie
ps01349	Brudig, Luitgard
ps01350	Brückner, Otto
ps01352	Bruhns, Karin
ps01355	Brunk, Albert
ps01420	Cäsarius von Speyer
ps01421	Cajar, August
ps01428	Cammermeister
ps01431	Cannabich, Christian
ps01432	Cappel, Julius
ps01360	Bruns, Jonny
ps01369	Buchta
ps01372	Bühler, Fritz
ps01376	Bürklin, Bernhard
ps01377	Bürkner, Karl
ps01378	Büscher-Harling, Anita
ps01381	Buhl, Franz Ritter ¬von¬
ps01384	Buhl, Seraphine
ps01385	Bullinger, Heinz
ps01387	Burbach, Lydia
ps01389	Burg, Hugo
ps01390	Borg, Lutz
ps01393	Burghardt, Brigitte
ps01394	Burghardt, Paul
ps01396	Burkhard, Werner
ps01399	Buch, Konrad ¬von¬
ps01402	Butenschön, Johann Friedrich
ps01413	Serban, Delia
ps01492	Cordier, Leopold
ps01493	Coressel, Anneliese
ps01509	Croissant, Philipp Jacob
ps01513	Cronauer, Jakob
ps01520	Culmann, Helmut
ps01433	Carl Christian von Nassau-Weilburg
ps01488	Martius, Hedwig
ps01515	Cürten, Petrus
ps01516	Cullmann, Elisabetha Borisowna
ps01517	Cullmann, Philipp Friedrich
ps01521	Culmann, Karl
ps01454	Christmann, August
ps01456	Christmann, Toni
ps01458	Ciolina, Francesco
ps01463	Claußen, Christina
ps01464	Clemens, Hermann
ps01465	Clemens, Hugo
ps01466	Clemm, August Ritter ¬von¬
ps01468	Clemm, Karl Friedrich
ps01469	Clos, Alexander
ps01470	Clos, Karl
ps01474	Coblitz, Wilhelm Josef
ps01476	Cohrssen, Siegfried
ps01479	Coninxloo, Gillis van
ps01481	Conrad der Rote, Pfalzgraf bei Rhein
ps01497	Courtez
ps01498	Coverdale, Myles
ps01499	Cramer, Jacob
ps01500	Cramer, Heinrich
ps01502	Croissant, Elisabeth
ps01505	Croissant, Herbert
ps01523	Cumart, Neufel A.
ps01524	Czech, Rainer Joshua
ps01525	Dacqué, Edgar Viktor August
ps01526	Dacqué, Friedrich
ps01527	Dacqué, Rudolf
ps01528	Daffner, Franz
ps01529	Dafferner, Franz
ps01535	Dalwin, Bernhard
ps01537	Damian, Willy
ps01539	Danecki, Stefan
ps01540	Daniels, Peter Joseph
ps01543	Darmet, Jean-Marie
ps01549	Daut, Jürgen
ps01555	Dechow, Eberhard
ps01556	Decker, Albert
ps01557	Decker, Bernd
ps01559	Dedreux, Wilhelm Peter
ps01564	Degenhart, Joseph
ps02319	Johann von Speyer
ps02321	John, Walter
ps02322	Jorio, Francesco
ps02323	Joven, Amo
ps02324	Ittel, Sigrid
ps02326	Juda der Fromme
ps02364	Karl / Sverige, konung, XI.
ps02365	Karl August von Nassau-Weilburg
ps02366	Karl August Friedrich
ps02367	Karl Gustav von Pfalz-Kleeburg, König von Schweden
ps03157	Naab, Karl
ps03162	Naffziger, Johannes
ps03168	Nardini, Paul Joseph
ps03194	Neureuther, Ludwig
ps03195	Ney, Carl Eduard
ps03196	Ney, Theodor Julius
ps03197	Nickel, Annerose
ps03199	Nicklas, Ingeborg
ps03208	Nikolaus, Mathias
ps03210	Nikolai, Andreas
ps03213	Nissel, Franz Alexander
ps03214	Nissl, Franz Alexander
ps03219	Noortwyck, Franz Josef
ps01545	Dathenus, Petrus
ps01548	Dauer, Lore
ps01550	Dautermann, Wilhelm
ps01552	Davies, John
ps01553	Day, Friedrich
ps01563	Degen, Willi
ps01566	Deinert, Andreas
ps01568	Demel-Schuhmann, Gertrud
ps01569	Danisius, Petrus
ps01570	Denais, Petrus
ps01571	De Nays, Petrus
ps01574	Denzer, Manfred
ps01575	Derleth, Ludwig
ps01576	Deter, Karl
ps01578	Detzner, Hermann
ps01584	Dexheimer, Johannes
ps01585	Dhom, Emil
ps01586	Dhünen, Felix
ps01587	Sondinger, Franz
ps01588	Dick, Karl
ps01589	Diehl, Karl
ps01591	Diehl, Ludwig
ps01592	Diel, Florentius
ps01593	Dienheim, Eberhard Freiherr ¬von¬
ps01595	Dienheim, Johann Wolfgang ¬von¬
ps01596	Diepold, Franz
ps01597	Dietrich, Klaus-Dieter
ps01599	Dietrich, Carl H.
ps01600	Cadi
ps01601	Dietrich v. Deidesheim
ps01602	Dietrich, Franz
ps01603	Dietrich, Hanns
ps01605	Dietsch, Gustl
ps01607	Dietzsch, Emil
ps01608	Dietzsch, Silvia
ps01611	Dill, Liesbet
ps01616	Dingler, Christian Nikolaus
ps01618	Dingler, Hermann
ps01626	Döderlein, Ludwig H. Ph
ps01628	Dörr, Johannes Maria
ps01631	Dörsam, Walter
ps01640	Drach, Peter (der Mittlere)
ps01646	Drees, Friedrich
ps01659	Duffing, Tine
ps01661	Dusch
ps01665	Ebelmann, Hans
ps01666	Ebelmann, Hans Jakob
ps01667	Eber, Elk
ps01668	Eberhardt, Jean Jaques
ps01670	Eberle, Christoph
ps01674	Eberlein, August Ritter ¬von¬
ps01676	Ebrecht, Walter
ps01615	Dillmann, Ludwig
ps01620	Dirion, Valentin
ps01621	Dister, Rudolf
ps01633	Dolle, Philipp Jakob
ps01634	Dolleschal, Erich
ps01637	Doppler, Hartmut
ps01639	Dosenheimer, Elise
ps01641	Dragobodo
ps01642	Dratt, Hans ¬von¬
ps01643	Trott, Hans ¬von¬
ps01644	Draxel-Fischer, Gisela
ps01645	Fischer, Gisela
ps01651	Rohrbacher, Anna
ps01653	Dreyer, Josef
ps01654	Drum, Jakob
ps01664	Ebel, Heinrich
ps01669	Eberhardt, Max
ps01681	Eckert, Gabriel
ps01682	Eckel, Marianne
ps01687	Egell, Johann Paul
ps01688	Egenberger, Kurt
ps01689	Eglinski, Joerg
ps01690	Ehrenbeck, Hermann
ps01691	Ehrensberger, Julius Emil
ps01692	Ehrhardt, Helmut
ps01693	Ehrhart, Hans
ps01694	Ehrhart, Franz Joseph
ps01695	Ehrler, Josef Georg ¬von¬
ps01697	Eichborn, Peter
ps01698	Eichenbauer, Johann
ps01700	Eicher, Benno
ps01677	Eck, Ingoberg
ps01678	Eckardt, Anton
ps01679	Ecker, Eduard
ps01680	Eckerle, Fritz
ps01686	Egell, Georg Augustin
ps01696	Eichberger, Franz Friedrich
ps01710	Eid, Heinrich
ps01717	Einhard II., Graf v. Katzenellenbogen
ps01719	Eitelmann, Walter
ps01723	Elisabeth Charlotte, Herzogin v. Orléans
ps01724	Elisabeth von Lothringen, Gräfin v. Nassau-Saarbrücken
ps01725	Elisabeth, Kurfürstin von der Pfalz
ps01726	Elisabeth von der Pfalz
ps01727	Eller, Karl
ps01728	Elwert, Johann Caspar Philipp
ps01730	Emanuel, Karl-Heinrich
ps01732	Emericus de Spira, Johannes
ps01733	Emich, Graf von Leinigen
ps01736	Emrich, Jakob Nikolaus
ps01737	Emrich, Julius
ps01738	Emrich, Lothar
ps01739	Emrich, Louis
ps01740	Enders, Erika
ps01741	Enders, Jacob
ps01742	Endres, Ernst
ps01743	Endres, Josef
ps01753	Epping, Günter
ps01755	Erb, Friedrich Otto
ps01756	Erb, Heinrich Wilhelm
ps01757	Erb, Wilhelm Heinrich
ps01773	Esterer, Rudolf
ps02528	König, Kurt
ps03113	Müller, Walter
ps03124	Dietrich, Norbert
ps03130	Franken, Johannes
ps01706	Eichner, Hermann
ps01707	Eichrodt, Ludwig
ps01709	Eicken, Paul in den
ps01711	Eid, Klaus / -
ps01713	Eifler, Gustav Adolf
ps01714	Eilers, Doris
ps01716	Einhard I.
ps01718	Eisenkolb, Jochen
ps01721	Elisabeth Stuart, Kurfürstin von der Pfalz
ps01776	Euler, Johann
ps01782	Faath, Hubert Otto
ps01783	Faber, Georg
ps01785	Faber, Lotty
ps01985	Gerhardinger, Theresia
ps01994	Gienanth, Ulrich Freiherr ¬von¬
ps01995	Gies, Hermann-Julius
ps01997	Gilcher, Julius
ps01998	Gimpel, Adam
ps02003	Giulini, Paul
ps02005	Glaser, Jutta
ps02007	Glaser, Walter
ps02009	Glatt, Jochen
ps02010	Glatz, Erwin
ps02028	Emmerich, Luise
ps02031	Gottfried II
ps02032	Gout, Jean Francois
ps02033	Gräber, Gerhard
ps02035	Gräber, Walter
ps02036	Gräbner, Felix
ps02038	Graeser, Ernst
ps02045	Grassl, Anton
ps02051	Griebler, Leo
ps01731	Emerich, Johann
ps01745	Engel, Edgar
ps01748	Engels, Otto
ps01749	Engerer, Friedrich-Wilhelm Ritter ¬von¬
ps01750	Engesser, Rudolf
ps01751	Engler, Eugen
ps01752	Eppelsheim, Friedrich
ps01754	Erastus, Thomas
ps01758	Erb, Otto
ps01761	Erbelding, Robert
ps01762	Erbeling, Hildegard
ps01763	Erlburg, E. v.
ps01764	Erlenwein-Semmler, Margot
ps01765	Semmler, Margot
ps01766	Ermeltraut, Johann Georg
ps01767	Ernst, Adelheid Siegried
ps01769	Ernst, Karl Matthias
ps01770	Eschmann, Brunhilde
ps01771	Eschmann, Karl
ps01772	Esebeck, Karoline Auguste ¬von¬
ps01775	Euler, Hermann Rudolf
ps01777	Euler, Paul
ps01778	Esselborn, Jakob
ps01788	Faber-Kaltenbach, Kakob
ps01789	Fabricius, Johann Ludwig
ps01790	Fabricius, Johann Seobald
ps01791	Fagius, Paul
ps01792	Fahr, Georg
ps01793	Fahr, Georg
ps01795	Fahrbach, Karl Ludwig
ps01796	Falkener, Erhard
ps01797	Faller, August
ps01799	Fangk, Dorothea
ps01800	Fankan, Justus
ps01801	Fart, Johann
ps01805	Faust, Siegmar
ps01819	Fetsch, Rudolf
ps01821	Feuchtinger, Heinz-Werner
ps01825	Feuerbach, Leonhard
ps01831	Fink, J
ps01833	Finkler, Johanna
ps01836	Mentzer, Johann
ps01844	Fischer, Klaus
ps01850	Flad
ps01852	Fleckenstein, Rolf
ps01855	Flersheim, Philipp II. Freiherr ¬von¬
ps01860	Flott, Gretel
ps01862	Föller, Ulli
ps01863	Foelter, Martin Adam
ps01866	Foltz, Hermann
ps01867	Foltz, Ludwig
ps01873	Foohs, Ludwig
ps01875	Foth, Fritz
ps01876	Foth, Johannes
ps01879	Fraido
ps01880	Flaido
ps01881	Franck, Christoffel
ps01882	Franck, Hansjörg
ps01883	Franck, Jakob
ps01885	Franger, Karl
ps01888	Frankenstein, Rudolf Freiherr ¬von¬
ps01890	Franz, Gisela
ps01895	Frenzel, Manfred
ps01905	Friederich, Georg Friedrich
ps02531	Koester, Christian Philipp
ps02537	Kohl-Larsen, Ludwig
ps02539	Kohl-Weigand, Franz Josef
ps01808	Fay, Hans
ps01810	Fay, Marlys
ps01812	Feldberg-Nenninger, Ilse / -
ps01813	Nenninger, Ilse
ps01815	Feldmüller, Jean
ps01816	Fenneberg, Ferdinand Daniel
ps01817	Ferber, Otto
ps01818	Fersen, Axel ¬von¬
ps01820	Feuchtinger, Heinz
ps01824	Heydenreich, Henriette
ps01827	Feylner, Johann Simon
ps01828	Fickeissen, Karl August
ps01837	Mainzer, Johann
ps01838	Fisch, Martin August
ps01842	Herrmann, Inge
ps01843	Fischer, Karl
ps01846	Fischer-Walter, Claudia
ps01848	Fitz, Georg
ps01849	Fix, Philipp
ps01851	Flad, Franziskana Wilhelmina
ps01853	Brunn, Franziskana Wilhelmina
ps01857	Fliesen, Karl Ludwig Wilhelm
ps01859	Flörsheim
ps01861	Föller, Martin Adam
ps01865	Fohr, Karl Philipp
ps01868	Foltz, Philipp
ps01869	Foltz, Ulrich
ps01871	Fontanesi, Joseph Valentin
ps01872	Fontenet, Pierre Camasse
ps01874	Forler, Franz-Stephan
ps01877	Fraenger, Karl
ps01878	Fraenkel, Leonhard
ps01892	Frech, Helmut
ps01897	Freudenberger, Emil
ps01898	Frey, Andreas
ps01899	Frey, Friedrich Hermann
ps01900	Frey, Inge
ps01901	Frey, Rolf
ps01902	Frick, Hans Hugo
ps01904	Friedel, Franz Peter
ps01907	Friedewald, Gerd
ps01910	Friedrich II., Kurfürst von der Pfalz (Der Weise)
ps01914	Friedrich von Bolanden
ps01915	Friedrich von Hausen
ps01916	Friedrich Kasimir von Pfalz-Zweibrücken
ps01917	Friedrich Michael / Zweibrücken-Birkenfeld, Pfalzgraf
ps01919	Friedrich, Theo
ps01920	Friedrich, Wolfgang
ps01921	Frien, Hartmut
ps01924	Fries, Kaspar
ps01925	Fries, Paul
ps01926	Freiß, Uta
ps01927	Frisch, Oskar
ps01929	Fritz, Johannes Adam
ps01930	Fritz, Walter Helmut
ps01934	Frommel, Karl Ludwig
ps01937	Fuchs, Heinrich
ps01938	Fuchs, Johann Heinrich ¬von¬
ps01939	Fuhr, Alfred Th
ps01940	Gaab-Vögeli, Doris
ps01941	Vögeli, Doris
ps01942	Gaebler, Karl
ps01944	Galli da Bibiena, Alessandro
ps01945	Galli da Bibiena, Ferdinando
ps01946	Gallus, Jodocus
ps01948	Ganglitz, Alfred
ps01955	Gauler, Heinrich
ps01950	Gaschott, Friedrich
ps01952	Gatting, Kurt
ps01953	Gauch, Hermann
ps01954	Gauglitz, Alfred
ps01956	Gauly, Otto
ps01957	Gauly, Walter
ps01958	Gauweiler, Georg Jakob
ps01959	Gayer, Johann Christian Karl
ps01960	Gebhardt II., Graf von Urach
ps01961	Gebehard II., Graf von Urach
ps01962	Gebehard I.
ps01963	Geblauer, Hans Martin
ps01965	Geenen, Remigius Ludwig
ps01972	Geiß, Justus
ps01974	Geissel, Johannes II
ps01976	Geldermann, Alexander
ps01977	Gensheimer, Alfred
ps01979	Georg
ps01980	Georg, Pfalzgraf bei Rhein u. Herzog v. Bayern
ps02402	Kessler, Gerald
ps02405	Gänsegretel
ps02406	Kest, Katharina Margarete
ps02407	Kettenring, Reiner
ps02410	Kiefer, Karl Werner
ps02414	Kienast, Arnulf
ps02419	Kimich, Carl
ps02424	Kinzinger, Lothar
ps02435	Kirrmeier, Franz
ps02437	Kirschenlohr-Zweibrücken, Gabriele
ps02438	Kirschner
ps02440	Kystler, Bartholomäus
ps02442	Kysteller, Bartholomäus
ps02444	Kistner, Karl Ludwig
ps02445	Cisnerus, Nicolaus
ps02446	Kistner, Nicolaus
ps02449	Kleeberger, Daniel
ps02544	Kolb von Wartenberg, Johann Casimir d.Ä
ps02547	Kolditz, Heide
ps01964	Geduldig, Peter
ps01967	Gehring, Reiner
ps01968	Gehring, Michael
ps01970	Geier, Albert
ps01973	Geissel, Johannes Jakob ¬von¬
ps01981	Georg Gustav, Pfalzgraf von Veldenz
ps01983	Georgii, Benedikt
ps01984	Gerhard von Ehrenburg
ps01986	Gerhardt, Karl
ps01987	Gernhardt, Ingrid
ps01989	Gienanth, Eugen Frh. v.
ps01990	Gienanth, Friedrich ¬von¬
ps01991	Gienanth, Johann Michael Ludwig Frhr. ¬von¬
ps01992	Gienanth, Karl Frhr. ¬von¬
ps01993	Gienanth, Ludwig Freiherr ¬von¬
ps01999	Gingel, Roland
ps02006	Glaser, Veronika
ps02011	Gileser, Hans
ps02012	Glock, Bernhard
ps02013	Glosse, Reiner
ps02014	Gmelin, Philipp Jakob
ps02015	Göbel, Ute
ps02016	Goedecke, Heidelinde
ps02018	Göring, Heinrich
ps02019	Götz, Anni
ps02020	Götz, Erwin
ps02022	Götze, Thilo
ps02023	Golsen, Christian
ps02024	Golsen, Fritz
ps02026	Goßler, Joh. Gerhard
ps02027	Gotedank
ps02029	Goth-Emmerich, Luise
ps02030	Gottfried I
ps02034	Graeber, Peter
ps02039	Graf, Friedrich
ps02040	Graf, Otto
ps02042	Grandfil, J. W.
ps02043	Graser, Ernst
ps02047	Greiff, Gustel
ps02048	Greiner, Susy
ps02049	Greß, Herberg
ps02050	Grewenig, Meinrad Maria
ps02052	Grieser, Andreas
ps02053	Grill, Friedrich
ps02130	Hauck, Hans Dieter
ps02131	Heydemarck, Georg
ps02133	Haupt, Wilhelm
ps02134	Havekost, Werner
ps02135	Steigner, Ursula
ps02136	Havekost-Steigner, Ursula
ps02138	Heddäus, Friedrich Karl
ps02140	Heger, Philipp
ps02143	Heideck, Karl Wilhelm Freiherr ¬von¬
ps02145	Heidloß, Peter
ps02147	Heieck, Peter
ps02148	Heieck, Udo
ps02154	Heinrich I. von Scharfenberg
ps02155	Heinrich I., der Ältere, der Welfe Herzog
ps02156	Heinrich II., Graf von Leiningen
ps02159	Heinrich, Gabriele
ps02160	Heinricus Vitrator
ps02161	Heintel, Albrecht
ps02164	Held, Maria
ps02166	Hella, Andreas
ps02169	Heller-Kübler, Ulrike
ps02170	Reichenbach, Barbara
ps02171	Heller-Reichenbach, Barbara
ps02174	Hellraeth
ps02176	Henckhell, Michel
ps02177	Hendle, Joh. Wilh
ps02178	Henel, Conrad
ps02179	Hengstenberg, Georg
ps02180	Henniger, Julius
ps02181	Henop, Philip Lucas
ps02182	Henrich, Eva
ps02184	Henrich, Ludwig
ps02185	Henriette-Caroline, Landgr. von Hessen-Darmstadt
ps02186	Multer, Susanne
ps02188	Herbst, Franz Joseph
ps02055	Grimm, Fritz Wilhelm
ps02056	Grohé, Friedrich Georg
ps02057	Gropp, Alfred
ps02058	Gropper, Wolfgang ¬von¬
ps02086	Häge, Benno
ps02087	Hänchen, Christian
ps02088	Haffner, Franz
ps02095	Haid, Matthäus Franz
ps02096	Hain, Adelheid
ps02097	Jäger, Adelheid
ps02098	Haintl, Elsa
ps02102	Hammann, Johann
ps02104	Herczog, Johann
ps02106	Hamm, Karl Michael
ps02107	Hammel, Hans Martin
ps02108	Hammer, Friedrich
ps02110	Hammerschmidt, Burkhard
ps02112	Hannong, Joseph Adam
ps02114	Happel, Karl
ps02115	Hardwig, Anneliese
ps02116	Hardt, Bern
ps02120	Hartmann, Johann Adam
ps02121	Hartmann, Ludwig
ps02122	Hartmann, Paul
ps02123	Hartung, Arnd
ps02125	Hartwein, Peter Wilhelm
ps02126	Hasemann, Richard
ps02127	Hassauer, Magda
ps02128	Hauck, Friedrich
ps02129	Hauck, Gerd
ps02314	Johann Casimir, Pfalzgraf von Lautern
ps02372	Kasten, Holger
ps02373	Kaufmann, Hermann Michael
ps02374	Kaufmann, Renate
ps02375	Kausler
ps02376	Kayser, Gerhardt
ps02377	Mathees, L. K.
ps02380	Keller, Karl Josef
ps02060	Groß, Philipp Peter
ps02065	Gruber, Wilhelm
ps02066	Grünert, Hermann
ps02069	Gümbel, Friedrich Ludwig
ps02070	Gümbel, Wilhelm Karl ¬von¬
ps02075	Gugger, Martin
ps02079	Guynant
ps02132	Haupt-Heydemarck
ps02137	Haynes, Sybille
ps02139	Heger, Johann
ps02141	Heicken, Karl
ps02142	Heyden, Caspar van der
ps02144	Heiderich, Andreas
ps02146	Heidrich, Andreas
ps02151	Heilmann, Hella
ps02153	Heinrich der Jüngere, Pfalzgraf
ps02162	Heintz, Johann Casimir
ps02165	Helderhof, Philipp
ps02167	Heller, Fritz
ps02175	Helm, Karl
ps02187	Heracourt-Multer, Susanne
ps02190	Hermanni, M. Johannes
ps02191	Herrfurth, Fritz
ps02193	Herrmann, Eugen
ps02208	Hilcke, Johann Wilhelm
ps02216	Villard, Henry
ps02217	Hilgenfeldt, Helga
ps02218	Hill, Jakob
ps02220	Hiller, Ferdinand
ps02224	Hitzfeld, Mathilde
ps02230	Hodapp, Carl Josef
ps02061	Grossart, Michael
ps02063	Grossmann, Frank-Joachim
ps02068	Grünewald, Karlheinz
ps02071	Günther, Graf v. Henneburg
ps02073	Gugenheim, Fritz
ps02074	Guggemus, Stefan
ps02076	Guinand
ps02077	Gunhild Königin
ps02078	Gustav, Philipp
ps02080	Haas, Emil
ps02083	Häckel, Hans-Otto
ps02084	Häckel, Walter
ps02085	Häfner, Kurt
ps02089	Hafner, Bärbel
ps02090	Hagen, Wilhelm
ps02092	Hahn, Christoph Gottfried
ps02093	Hahn, Karl ¬von¬
ps02094	Haid, Georg
ps02100	Halfmann, Helmut
ps02101	Halfmann, Rolf
ps02105	Hamann, Johann
ps02113	Hannong, Paul Anton
ps02118	Hartenstein, Helga
ps02192	Herrmann, Erwin
ps02194	Herrmann, Georg
ps02195	Herzog, Manfred
ps02196	Herzog, Peter
ps02197	Herzog, Philipp Heinrich
ps02198	Heß, Johann Daniel
ps02199	Heß, Johann Heinrich
ps02201	Heß, Philipp Daniel Gottlieb
ps02204	Heupel, Carl
ps02205	Heusser, Eugen
ps02206	Hexamer, Emilie
ps02207	Heyen, Erk Volkmar
ps02209	Hildebrand, Christoph
ps02214	Villard, Heinrich
ps02215	Hilgard-Villard, Heinrich
ps02222	Hinkelmann, Daniel
ps02223	Hirmer, Helmut
ps02254	Hilz, Werner
ps02256	Hook, Rolf
ps02272	Hüther, Matthias
ps02275	Hufnagel, Sigrid
ps02283	Hust, Karl Martin
ps02284	Imig, Jakob
ps02285	Eicken, Paul
ps02288	Jacob, Manfred
ps02289	Croissant, Hedwig
ps02290	Jacob-Croissant, Hedwig
ps02295	Jäger, Karl August
ps02296	Jäger, Richard
ps02297	Jäger, Walter
ps02298	Jakob, Manfred
ps02299	Jancke, Oldwig
ps02300	Janischowski, Charlotte
ps02301	Jansen, Peter
ps02302	Janson, Jürgen
ps02303	Jelacic, Johann
ps02304	Jeschke, Hans
ps02305	Jesse (Nemetense)
ps02306	Ihm, Ludwig
ps02307	Immerheiser, Karl
ps02316	Johann von Zweibrücken, Pfalzgraf
ps02317	Johannes I., Frhr. von Hoheneck zu Eutzenberg
ps02318	Johannes I., Graf im Kraichgau
ps02320	Johannes de Spira
ps02325	Judah der Fromme
ps02327	Judensint, Hans
ps02328	Julien, Franz
ps02330	Jung, Lina
ps02331	Jung, Walter
ps02332	Jung, Wolfgang
ps02334	Justinger, Kurt
ps02231	Höbel, Roland
ps02235	Hoffmann, Karl
ps02236	Hoffmann, Luise Dorothea
ps02237	Hoffmann, Ludwig
ps02238	Hoffmann, Philipp
ps02240	Hoffmann, Walter
ps02241	Eder, Dorothea
ps02242	Hoffmann-Eder, Dorothea
ps02243	Monnerjahn, Brunhild
ps02244	Hoffmann-Monnerjahn, Brunhild
ps02248	Hohermuth von Speyer, Georg
ps02249	Holder, Heinrich
ps02251	Hollensteiner, Karl
ps02255	Holzmüllder, Josef
ps02257	Hoop, Wolfgang
ps02258	Horlemann, Angela
ps02259	Hornbach, Jakob
ps02260	Hornbach, Jakob
ps02261	Horsch, Reinhard
ps02262	Hruschka, Guido
ps02263	Meder, Siglinde
ps02264	Hruschka-Meder, Siglinde
ps02269	Huber, Liebgard
ps02270	Hudlett, Max
ps02274	Hüther-Popowa, Tatjana
ps02276	Huhn, Heinrich
ps02277	Hulderich
ps02278	Hundefänger, Karl Rudi domidean
ps02281	Hussong, Karl
ps02282	Hust, Gerhard
ps02655	Lamm, Marcus zum
ps02657	Landherr, Edgar
ps02695	Laux, Emil
ps02707	Lehmann, Alfred
ps02712	Lehmann, Herbert
ps02287	Jacob, Ludwig
ps02291	Jacobus de Spira
ps02308	Imschweiler, Wilhelm
ps02309	Jobmann, Charles
ps02310	Jöckle, Trudl
ps02313	Johann von Morsheim
ps02335	Izi, Silvia
ps02338	Kämmerer, Hugo
ps02344	Kaiser, Kristina
ps02345	Kaiser, Peter
ps02347	Kall, Friedrich Georg ¬von¬
ps02348	Kampe, Wolfgang
ps02351	Kapp, Ernst
ps02359	Karcher, Philipp
ps02378	Kehl, Heinrich Leonhard
ps02379	Keiler, August
ps02382	Keller, Lothar
ps02383	Keller, Siegfried
ps02384	Kühne, Josef Woldemar
ps02385	Keller-Kühne, Josef Woldemar
ps02386	Kellerhoven, Josef
ps02387	Kelter, Marianne
ps02388	Germersheim, Ludwig
ps02389	Kemmer, Ludwig
ps02390	Kempf, Ferdinand
ps02391	Kempf, Heinz
ps02393	Kerbeck, Gerda
ps02394	Kerg, Theo
ps02396	Kern, Günter
ps02397	Kern, Ludwig
ps02399	Kömpf, Charlotte
ps02453	Klein, Alfons
ps02459	Klein, Jakob
ps02463	Kleinschmidt, Fritz
ps02464	Kleiss, Manfred
ps02548	Koller, Jakob
ps02337	Kämmerer, Fritz
ps02339	Kämper, Herbert
ps02340	Kämper, Mirjam
ps02341	Kämpf, Johann Philipp
ps02342	Kästner, Theobald
ps02343	Kaffenberger, Hans
ps02349	Kannegießer, Johann
ps02350	Kantowsky, Ulrich
ps02352	Kappel, Friedrich
ps02353	Kapper, Jakob
ps02354	Karb, Willi
ps02355	Karch, Hermann
ps02356	Karch, Philipp
ps02362	Karl II. August Christian, Pfalzgraf bei Rhein, Herzog von Pfalz-Zweibrücken
ps02363	Karl III. Philipp, Kurfürst von der Pfalz
ps02776	Liebel, Erna
ps02780	Liedke, Kurt
ps02781	Liere, Joos van
ps02782	Limburg-Stirum, Damian August Philipp Karl Graf v.
ps02783	Stirum, Damian August Philipp Karl Graf v.
ps02784	Styrum, Damian August Philipp Karl Graf ¬von¬
ps02785	Limburg-Styirum, Damian August Philipp Karl Graf ¬von¬
ps02786	Limburg-Styrum, Damian August Philipp Karl Graf ¬von¬
ps02790	Linck, Johann Georg
ps02794	Lind-Ackermann, Katharina
ps02799	Lindenmeyer, Ludwig
ps02802	Lingenfelder, Julius
ps02804	Linnenkohl, Lilo
ps02805	Lintz, Max
ps02808	Pfister, Jolande
ps02810	Littig, Gerd
ps02813	Litzel, Georg
ps02815	Litzenburger, Ludwig
ps02817	Lochner, Karl
ps02818	Loderstedt, Kurt
ps02819	Loeb, Julius
ps02392	Kerbeck, Egon
ps02401	Kessler, Adolf
ps02403	Keßler, Heinrich
ps02404	Keßler, Jakob Friedrich
ps02411	Kiefer, Philipp Ernst
ps02412	Kiefer, Theodor
ps02413	Kieffer, Ludwig
ps02415	Kienast, Johannes
ps02416	Kiesbauer, Hans
ps02418	Kiesel, Michel P.
ps02420	Kimmel, August
ps02421	Kindermann, Hans
ps02423	Kinzelbach, Rudolf
ps02426	Kirch, Karl-Heinz
ps02427	Kirchgeßner, Maria Anna Antonia
ps02428	Kirchgeßner, Marianne
ps02429	Kirchner, Heinz F.
ps02430	Kirchner, Johann Philipp
ps02431	Kirchner, Kaspar
ps02432	Kirchner, Klaus
ps02433	Kirchner, Philipp
ps02434	Kirchner, Reinhold
ps02436	Zweibrücken, Gabriele
ps02441	Küstler, Bartholomäus
ps02448	Klapschinski, Walter
ps02451	Kleefoot, Paul
ps02454	Klein, Anton ¬von¬
ps02455	Klein, Fritz
ps02456	Klein, Georg
ps02458	Klein, Heinrich Theodor
ps02461	Klein, Ly
ps02471	Klingmann, Marliese
ps02476	Klotz, Franz
ps02479	Klotz, Simon Petrus
ps02481	Klug, Franz
ps02486	Knoch, Johannes Ludwig
ps02487	Knocke, Theodor
ps02488	Knöbel, Friedrich Wilhelm
ps02489	Knöpfle, Franz
ps02466	Kliewer, Paul
ps02467	Klimm, Franz
ps02468	Klimm, Franz
ps02469	Kling, Gottfried
ps02470	Klingmann, Friedrich
ps02472	Klippel, Elfriede
ps02473	Klöchner, Hans-Jürgen
ps02475	Klotz, Caspar Gerhard
ps02477	Klotz, Martin
ps02480	Klug, Eduard
ps02490	Knöringer, Emil
ps02491	Knoll, Albert Georg Wilhelm
ps02504	Koch, Franz Wilhelm
ps02727	Leicht, Albert
ps02728	Leiling, Karl
ps02729	Rehmann, Mia
ps02731	Leiningen, Christoph Graf ¬von¬
ps02732	Leiningen, Emil Karl ¬von¬
ps02734	Hardenburg, Carl Friedrich Wilhelm zu
ps02737	Leiningen-Westerburg, Konrad Graf zu
ps02742	Leistner, Max
ps02745	Lembach, Marcus
ps02746	Lenard, Bertram
ps02748	Lenhard, Richard
ps02751	Leonhard, Walter
ps02752	Leonard, Philipp Ludwig
ps02755	Lescheraine Graf
ps02493	Knoll, Konrad Ritter ¬von¬
ps02495	Knoth, Rudi
ps02496	Kobell, Ferdinand ¬von¬
ps02497	Kobell, Franz v.
ps02498	Kobell, Franz Innocenz
ps02501	Koch, Daniel Emil
ps02502	Koch, David Andreas
ps02505	Koch, Friedrich
ps02507	Koch, Johann Carl
ps02508	Koch, Karl Ludwig
ps02509	Koch, Ludwig Christian ¬von¬
ps02512	Koch, Walter
ps02514	Kocher, Kurt E.
ps02515	Koehl, Anton
ps02517	Köhler, Fritz
ps02518	Köhler, Usch
ps02519	Köhn, Monika
ps02520	Kölbel, Kurt
ps02521	Koelsch, Franz Xaver
ps02522	Luginsland, Peter
ps02525	Kömmerling, Emil
ps02527	König, Karl
ps02529	König, Ludwig
ps02532	Kohl, Hans
ps02536	Larsen, Ludwig
ps02538	Weigand, Franz Josef
ps02540	Kohlhoff, Egon
ps02541	Kobl, Georg Friedrich
ps02597	Krehbiel, Johannes
ps02542	Kolb, Lydia
ps02546	Kolb von Wartenberg, Johann Casimir d.J
ps02550	Kolm, Tina
ps02554	Konrad II. Röm. Kaiser
ps02556	Konrad III. von Scharfenberg
ps02557	Konrad III. von Scharfeneck
ps02568	Korb, Albert
ps02570	Korn, Jacob
ps02573	Kortokraks, Rudolf
ps02574	Kortokraks, Werner
ps02575	Korzenski, Gerhard
ps02576	Kotterer, Kurt
ps02577	Kraemer, Alois
ps02578	Krämer, Armin
ps02579	Krämer, Leo Heinrich
ps02580	Krämer, Norbert
ps02585	Krahl, Gertrud
ps02586	Kramatschek, Manfred
ps02589	Kratz, Fritz
ps02595	Krebs, Johannes
ps02601	Kreutzfeld, Heinrich
ps02603	Krezdorn, Hansjörg
ps02604	Nagel, Andrea
ps02605	Kriedel-Nagel, Andrea
ps02606	Krieg, Friedrich
ps02608	Krieger, Gerhard
ps02611	Tsiyäuna, Hoyna
ps02614	Kroemer-Schaefer, Elise
ps02620	Kronenberger, Albrecht
ps02622	Krumbach, Max
ps02625	Kubach, Hans Erich
ps02631	Kühn, Peter
ps02668	Körding, Herma
ps02549	Kolling, Bernhard
ps02551	Konig, Isaac
ps02552	Konrad I.
ps02553	Konrad II
ps02555	Konrad II. von Hildesheim
ps02558	Konrad IV. von Tanne
ps02559	Konrad V., Graf von Eberstein
ps02560	Konrad von Reifenberg
ps02561	Konrad von Staufen, Pfalzgraf
ps02562	Kopp, August
ps02565	Kopsch, Friedrich
ps02567	Kopylowski-White, Andrew
ps02569	Korbmann, Karl
ps02572	Korter, Fritz
ps02584	Krahe, Lambert Wilhelm
ps02587	Kramb, Gilbert
ps02590	Kraus, Johann
ps02591	Kraus, Philipp
ps02593	Krauß, Johannes Max
ps02594	Krebs, Heinz
ps02596	Singhannes
ps03111	Müller, Robert
ps03112	Müller, Siegfried Erich
ps03114	Müller, Werner Berndt Rainer
ps03116	Blattau, Joseph
ps03119	Müller-Busch, Hans
ps03120	Dennhof, Bernd
ps03122	Dennhof, Herbert
ps03123	Müller-Dennhof, Herbert
ps03125	Müller-Dietrich, Norbert
ps03126	Emmert, Adolf
ps03128	Guttenbrunn, Adam
ps03132	Olm, Heinz
ps03133	Müller-Olm, Heinz
ps03136	Steinfurth, Franz-Werner
ps03137	Müller-Steinfurth, Franz-Werner
ps03221	Nuding, Karl
ps02610	Krienke, Gert
ps02615	Kröwerath, Christoph
ps02617	Kromnow, Ake
ps02621	Kroszewski, Hans-Ulrich
ps02623	Krumholz, Eugen
ps02624	Krupp, Louis
ps02627	Küchler, Julius
ps02630	Kühn, Dieter
ps02642	Kuntz, Hermann
ps02671	Lanz, Johann Wilhelm
ps02681	Lauer, Georg
ps02701	Lechler, Lorenz
ps02725	Leibrock, Karl
ps02726	Leibl, Wilhelm
ps02730	Leinberger-Rehmann, Mia
ps02733	Leiningen, Marie Luise Albertine ¬von¬
ps02735	Leiningen-Hardenburg, Carl Friedrich Wilhelm zu
ps02736	Westerburg, Konrad Graf zu
ps02739	Leis, Lina
ps02740	Leisenring, Edmund Daniel
ps02770	Leyser, Anton
ps02944	Marx, Werner
ps02953	Mathaei-Dörr, Annemarie
ps02955	Mathes, Bernd
ps02960	Mathilde von Savoyen
ps02965	Matthias, Freiherr von Rammung
ps02966	Matthias (Widman) von Kemnat
ps02967	Mattich, Katharina Magdalena
ps02968	Mattijs, Alice
ps02969	Matzdorf, Albert
ps02635	Kuhfuss, Swantje
ps02637	Kuhn, Isaak
ps02638	Kuhn, Karl Georg
ps02639	Kuhorn, Jacob
ps02641	Kuntz, Daniel
ps02646	Kymli, Franz Peter
ps02651	Lamarche, Maria Elisabetha
ps02656	Lamp, Uli
ps02658	Landoville Baron ¬de¬
ps02659	Landré, Sigrid
ps02660	Landsiddel, Joh. Friedr
ps02661	Lang, Arno
ps03532	Rosenberg, Philipp I., Frhr. ¬von¬
ps03534	Rosenstiel, Frederick H.
ps03544	Roth, Hans-Georg
ps03550	Rothbauer, Willibald
ps03553	Rothschild, Willibald
ps02669	Lang-Körding, Herma
ps02670	Langenhöffel, Johann Josef
ps02676	Laubenheimer, Adolf
ps02678	Laubscher, Friedrich
ps02683	Lauer, Nicolaus
ps02690	Lautern, Otto ¬von¬
ps02691	Lauth, Robert
ps02693	Streif, Ingrid
ps02694	Lauwers-Streif, Ingrid
ps02696	Laux, Karl
ps02697	Lavale, Jakob ¬von¬
ps02698	Lawaldt, Konrad
ps02700	Lebert, Margot
ps02702	Leclerc, Philipp Adolf
ps02704	Lederle, Heidi
ps02705	Leger, Thomas Antonius Martinus
ps02709	Lehmann, Charlotte
ps02710	Lehmann, Christophorus
ps02711	Lehmann, Ernst August
ps02723	Lehrmann, Manfred
ps02778	Lieberich, Heinz
ps02779	Liebscher, Frank Rainer
ps02787	Linbecker, Veronika
ps02788	Ganglitz, Veronika
ps02789	Linck, Franz Konrad
ps02791	Linck, Peter Anton
ps02793	Lind, Franz
ps02795	Ackermann, Trinly
ps02714	Lehmann, Johann Willi
ps02715	Lehmann, Lilli
ps02717	Lehmann, Otto
ps02718	Lehn, Erwin
ps02719	Lehn, Friedel
ps02720	Lehnung, Julius Berthold
ps02721	Lehr, Daniel
ps02744	Lembach, Kurt
ps02749	Lensch, Arnhild
ps02852	Ludwig, Kurprinz
ps02872	Lützelstein, Grafen ¬von¬
ps02875	Luise von Sachsen-Coburg (-Gotha), Herzogin
ps02876	Luthener, Georg
ps02879	Lutz, Christine
ps02886	Behnisch, Hedwig
ps02889	Maas, Hannelore
ps02890	Mas, Rosa
ps02892	Maas, Rosa
ps02893	Maas, Walter
ps02896	Usselmann, Elisabeth
ps02898	Mächnich, Josef
ps02899	Mächnich, Sigurd
ps02906	Mahla, Julius
ps02909	Maier, Johann Ludwig
ps02915	Mang-Lind, Gertrud
ps02916	Mangler, Klaus
ps02922	Mansmann, Ruth
ps02925	Margarethe von Bayern
ps02926	Margarethe von Savoyen
ps02935	Marschall, Wolfgang
ps02937	Martin, Franz M.
ps02939	Martin, Paul
ps02941	Martini, Paul
ps02756	Leschinger, Franz
ps02758	Leth, Siegfried ¬von¬
ps02760	Leuckel, Johann Jakob
ps02761	Leuthner, Irma
ps02762	Levi, Cora Ilse
ps02764	Leydensdorffer, Franz Anton ¬von¬
ps02765	Leitensdorfer, Franz Anton ¬von¬
ps02766	Leitersdorffer, Franz Anton ¬von¬
ps02767	Leyen, Damian Hartard von der
ps02768	Leyen, Marianne Gräfin von der
ps02769	Dalberg, Maria Anna Sophia Franziska Walburga
ps02772	Leyser, Jakob
ps02773	Lichtenberger, Heinrich Wilhelm
ps02839	Loschky, Hans
ps02840	Loschky, Ulrich
ps03300	Petersen, Karl Ludwig Adolf
ps02797	Lind-Ackermann, Trinly
ps02800	Linder, Konrad
ps02801	Lingenfelder, Eugen
ps02803	Link, Johann Wolfgang Conrad
ps02874	Luido, Bischof von Speyer
ps02877	Luttenberger, Anton
ps02882	Lutz, Martin / -
ps02884	Lux, Friedrich
ps02885	Lux, Klaus
ps02887	Luyten-Behnisch, Hedwig
ps02888	Lyncker, Johannes
ps02891	Maaß, Rosa
ps02895	Mack, Jakob
ps02905	Magold, Helm
ps02910	Malat, Jiri
ps02986	Mayer, Eugen
ps02987	Kunnrädel
ps02988	Mayer, Heinrich
ps02993	Gaab, Irma
ps02994	Sauter, Irama
ps02996	Mechtild Pfalzgräfin bei Rhein
ps02997	Mechthilde Frau Rudolf I.
ps02998	Medding, Wolfgang
ps03016	Merkel, Beatrix
ps03020	Meßmer, R.
ps03021	Metternich, Lothar Friedrich Frhr. ¬von¬
ps03037	Mielke, Willi
ps02812	Litty, Karl
ps02820	Löcherbach, Roger
ps02821	Köckel, Heinrich
ps02822	Köffler, Paul
ps02823	Löhr, Otto
ps02825	Lösch, Edelgard
ps02827	Löwenberg, Agnes Elisabeth
ps02829	Löwenberg, Michael
ps02832	Lorch, Herbert
ps02833	Lorch, Hermann
ps02838	Lorenz, Martin
ps02841	Loth, Franz
ps02842	Loth, Peter
ps02843	Louis, Norbert
ps02844	Louise Juliane
ps02845	Lucas, Ingegrete
ps02846	Lucius, Johann Ludwig
ps02847	Ludovika Hollandine, Pfalzgräfin
ps02849	Ludowici, Wilhelm
ps02850	Ludt, Wilhelm
ps02851	Ludwig, Frhr. von Helmstatt
ps02853	Ludwig, I. von Baiern
ps02854	Ludwig I., König von Bayern
ps02855	Ludwig II., der Strenge
ps02856	Ludwig III., der Bärtige, Pfalzgraf
ps02857	Ludwig IV., König
ps02858	Ludwigs V., Kurfürst von der Pfalz, der Friedfertige
ps02859	Ludwig VI
ps02860	Ludwig IX., Landgraf von Hessen-Darmstadt
ps02863	Ludwig, Rudolf
ps02865	Lück, Johann Friedrich
ps02866	Lück, Karl Gottlieb
ps02867	Lückes, Peter
ps02868	Lüder, Ludwig Freiherr ¬von¬
ps02870	Lützel, Johann
ps03200	Nicolay, Johann Georg
ps02828	Löwenberg, Else
ps02830	Lohr, Johann Baptist
ps02834	Lorch, Nikolaus
ps02836	Lorenz, Heinz
ps02914	Lind, Gertrud
ps02918	Mann, Wilhelm
ps02920	Mannlich, Konrad ¬von¬
ps02921	Mansmann, Dieter
ps02923	Manz, Georg
ps02924	Mappes, Hermann
ps02927	Maria Amalia
ps02928	Maria Eleonore, Pfalzgräfin von Pfalz-Simmern
ps02929	Markert, Uta
ps02930	Markward von Annweiler
ps02931	Marnet, Wilhelm
ps02932	Marquardt, Anette
ps02933	Marquardt, Klaus
ps02934	Marrel, Jakob
ps02936	Martin, Benno
ps03007	Meinard, Arnim
ps03012	Mendel, Valentin
ps03045	Meyring, Vinzenz
ps03046	Möhring, Vinzenz
ps03047	Möller, Andi
ps03049	Möllinger, Jacob
ps03050	Moericke, Otto
ps03051	Möslinger, Wilhelm
ps03052	Mößner, Claudia
ps03054	Mohr, Adolf
ps03055	Mohr, Erich
ps03056	Mohrbacher, Ludwig
ps03058	Ruester, Ulrich
ps03062	Molter, Horst
ps03064	Monz, Paul
ps03068	Morio, Bettina C.
ps03070	Moris, Laurian
ps02943	Marwitz, Michael
ps02945	Melcher, Gerhard
ps02946	Marx-Melcher, Gerhard
ps02947	Elsässer, Eva
ps02948	Mascher-Elsässer, Eva
ps02949	Maschke, Fritz
ps02950	Maschlanka, Annemarie
ps02952	Dörr, Annemarie
ps02954	Matheis, Eugen
ps02957	Mathes, Otto
ps02958	Mathéus, Jacob
ps02959	Mathilde von Brabant
ps02961	Matt, Joseph
ps02962	Mattern, Hans
ps02963	Matthes, Peter
ps02964	Matthes, Sonja
ps02979	Maurer, Karl Ludwig
ps02970	Matzdorf, Jutta Christine
ps02971	Matzenbacher, Hans
ps02972	Mauch, Gerhard
ps02974	Maurer, Conrad ¬von¬
ps02977	Maurer, Hermann August
ps02978	Maurer, Heinrich
ps02983	Maximilian I. Joseph von Bayern Pfalzgraf
ps02984	Maxon, Wilhelm Georg
ps02991	Mayer, Richard
ps03000	Medicus, Wilhelm
ps03004	Mehringer, Otto
ps03006	Meininger, Daniel
ps03009	Meissner, Waltraud
ps03010	Melchior, Johann Jakob
ps03011	Menchen, Hermann
ps03013	Menges, Josef
ps03014	Menges, Richard
ps03017	Mersy, Rudolf
ps03018	Merz, Ingrid
ps03022	Metzger, Alfred
ps03024	Metzger, Helmut
ps03025	Metzger, Ulrich Daniel
ps03026	Meusel, Anton
ps03028	Mewes, Christian
ps03030	Meyer, Georg Friedrich
ps03040	Mimler, Leopold
ps03074	Morsey, Rudolf
ps03077	Moscherosch, Hans Michael
ps03789	Groß, Otto
ps03039	Miller, Johann Peter
ps03041	Minster, Carl
ps03042	Minter, Leopold
ps03044	Mehring, Vinzenz
ps03059	Molitor, Georg Wilhelm
ps03061	Moll, Otto
ps03063	Monteglas, Maximilian Jos. Graf ¬von¬
ps03065	Moog, Willi Friedrich
ps03519	Schlosser, Marie-Elisabeth
ps03522	Rollingen, Heinrich Hartard ¬von¬
ps03524	Romstoeck, Walter
ps03527	Roos, Fritz
ps03530	Roqué, Bartholomäus de la
ps03533	Rosenlehner, Alexander
ps03536	Rosentritt, Christian Friedrich
ps03537	Rossato, Gerhard
ps03538	Rossi, Gustav
ps03539	Roßtäuscher, Christian
ps03540	Roth, Burghildis (Schwester)
ps03542	Roth, Eugen
ps03543	Roth, Fritz
ps03545	Lutra, Karl Heinrich
ps03546	Roth-Lutra, Karl Heinrich
ps03547	Rabe, Hilde
ps03548	Roth-Rabe, Hilde
ps03549	Rothaar, Bärbel
ps03551	Rotherwein, Dominicus
ps03554	Rottermann, Eduard
ps03556	Rottmann, Karl
ps03071	Moritz, Jakob
ps03072	Morlock, Erwin
ps03073	Morschheim, Johann ¬von¬
ps03079	Moßman, Manfred
ps03080	Moster, Hans
ps03082	Mühlborn, Charlotte Elisabeth
ps03083	Mühlborn, Lotte
ps03085	Müller, Alois Maria
ps03089	Müller, Eugen
ps03091	Obermüller, Christoph
ps03093	Müller, Guido
ps03098	Müller, Jakob
ps03099	Müller, Jakob E.
ps03104	Müller, Konrad
ps03433	Reinecker, Monika
ps03435	Reinhard, Artur
ps03438	Reinhardt, Jutta
ps03439	Reinkober, Gerhard
ps03447	Reitnauer, Ruth
ps03449	Renn, Gottfried
ps03451	Reppe, August
ps03453	Reuthner, Adolf
ps03454	Reysmann, Theodor
ps03455	Rhabanus Bischof v. Speyer
ps03456	Rheinberger, Eduard
ps03457	Rheinwald, Ignaz
ps03460	Rhoner, Alfons
ps03462	Richard von Deidesheim
ps03463	Richarz, Johann Peter ¬von¬
ps03464	Richter, Gerda
ps03465	Richter, Helmut
ps03466	Riedel, Reinhold
ps03468	Klippel, Elfriede
ps03473	Riem, Johann Friedrich
ps03096	Müller, Hejo
ps03100	Müller, Johann
ps03102	Müller, Julius
ps03103	Müller, K. P.
ps03106	Müller, Nikolaus
ps03107	Müller, Peter
ps03138	Münch, Hermann
ps03144	Musel, Herbert
ps03145	Muller, Karl Peter
ps03146	Mungenast, Johannes
ps03147	Munnich, Joh
ps03149	Munzinger, Karl
ps03151	Munzinger, Karl
ps03153	Naab, Adolf
ps03156	Naab, Johann
ps03139	Münch, Ottheinz
ps03141	Münnich, Karl Hanns
ps03142	Münnich, Karl Ludwig
ps03143	Mürell, Irene
ps03155	Naab, Karl
ps03158	Nachreiner, Vinzenz
ps03159	Nadler, Karl Christian Gottfried
ps03160	Naegele, August
ps03163	Nafziger, Wilhelmine
ps03164	Nagel, Brigitte Sokop
ps03165	Nagel, Brigitte
ps03167	Nagel, Reinhard ¬von¬
ps03170	Naßhan, Uta
ps03171	Naumann, Karl-Heinz
ps03173	Nebenius, Karl Friedrich
ps03179	Nestler von Speyer
ps03181	Neu, Klaus
ps03184	Neuberger, Karl
ps03186	Neuffer, Adolf Ritter ¬von¬
ps03187	Neugart, Georg
ps03190	Neumann, Edith
ps03174	Neff, Christian
ps03176	Négyesy, János
ps03177	Nessel, Hans-Georg
ps03178	Nesseler, Emil
ps03180	Netscher, Caspar
ps03182	Neu, Denny
ps03188	Neukirch, Helmut
ps03312	Pfaff, Werner
ps03314	Pfeifer, Thomas
ps03417	Reginbald I.
ps03422	Regneri, Elisabeth
ps03203	Niethammer, Joseph
ps03204	Nikolaus von Alsenz
ps03205	Niklaus von Mingolsheim
ps03206	Nikolaus I.
ps03207	Nicolaus von Landau
ps03209	Nikolaus Rorbach
ps03212	Nisio, Artur
ps03218	Nilt, Anastasius
ps03235	Oehl, Berthold
ps03237	Ohliger, Horst
ps03238	Oelenheinz, Margrit
ps03239	Oeltjen-Rüstringen, Heinrich (auch Heinz)
ps03246	Ohmer, Martin
ps03255	Oßwald, Wilhelm
ps03259	Ostheimer, Heinrich
ps03273	Platz, Wilhelm
ps03285	Peetz, Hans Günter
ps03288	Pelgen, Franz L.
ps03290	Perignon, Rudolf ¬von¬
ps03291	Perret, Christiane
ps03330	Philipp Wilhelm, Graf von Pfalz-Neuburg
ps03336	Priminius
ps03338	Pirminius
ps03339	Pistor, Daniel Friedrich Ludwig
ps03341	Ppithoppoeus, Lambaert Ludolph Helmut
ps03342	Ppitz, Karl Kaspar
ps03345	Plater, Ernst
ps03350	Pleyer, Albert
ps03358	Poppe, Karl
ps03362	Pranjko, Tristian
ps03363	Preiß, Liesel
ps03364	Erfort, Vera
ps03365	Preksavec-Erfort, Vera
ps03370	PPrineipus
ps03371	Principius
ps03223	Maginot, Gabriele
ps03224	Nuss-Maginot, Gabriele
ps03225	Obertraut, Johann Michael Elias ¬von¬
ps03227	Oberhettinger, Joh. Heinr
ps03229	Obermaier, Georg Michael
ps03230	Obry, Günther
ps03231	Obst, Annemarie
ps03232	Odenbach, Johann
ps03233	Odening, Ilse
ps03234	Oeckinghaus, Arne
ps03236	Oehler, G
ps03240	Oertel, Philipp Friedrich
ps03243	Ohler, Philipp Heinrich
ps03248	Opp, Eduard
ps03249	Orsbeck, Johann Hugo Frhr. ¬von¬
ps03252	Orth, Karl
ps03253	Ortner, Franz Josef
ps03254	Ortner, Rolf
ps03256	Osterroth, Nikolaus
ps03257	Osterspey, Jakob
ps03258	Ostertag, Valentin
ps03263	Ott, Christian
ps03265	Otto Heinrich
ps03266	Ottheinrich
ps03267	Otto I., der Erlauchter, Pfalzgraf bei Rhein u. Hzg. in Bayern
ps03268	Otto, Graf von Henneberg
ps03269	Ottogar
ps03271	Oxenstierna, Gabriel
ps03272	Palatinus
ps03275	Pardall, Bertel
ps03278	Patenge, Walter
ps03279	Patiens, Peter
ps03281	Paul, Eugen
ps03283	Payer, Ulrike
ps03284	Pecher, Ingeborg
ps03286	Peetz, Ludwig
ps03289	Perhobstler, W. M.
ps03295	Perron, Philipp
ps03298	Petersen, Georg Wilhelm
ps03299	Petersen, Johann Wilhelm
ps03301	Petri, Ernst August Bernhard
ps03302	Petri, I. L.
ps03307	Petzinger, Johann Michael
ps03308	Petzinger, Ludwig
ps03313	Pfau, Ernst
ps03317	Pfeiffer, Franz
ps03320	Pfeiffer, Maximilian
ps03321	Pfeiffer, Peter H.
ps03323	Pfeil, Christian Carl Ludwig Frh. ¬von¬
ps03324	Pfister, Bernhard
ps03326	Pfülf, Theo
ps03327	Philipp Pfalzgraf von Neuburg
ps03328	Philipp Kurfürst v.d. Pfalz, der Aufrichtige, Pfalzgraf
ps03329	Philipp Ludwig, Pfalzgraf von Simmern u. Neuburg
ps03331	Phloracq, Philipp
ps03335	Primenius
ps03337	Perminius
ps03340	Pistor, Heinrich
ps03343	Piwowarsky, Jutta
ps03344	PPlankenhorn, Annemarie
ps03347	Plathe, Manfred
ps03349	Plenger, Ernst
ps03351	Pöhlmann, Carl
ps03352	Cammin, Erik
ps03354	Poller, Oskar
ps03357	Poppe, Dagmar
ps03360	Postel-Linnenkohl, Lilo
ps03361	Posthius, Johann
ps03369	Primavesi, Johann Georg
ps03373	Probst, Josef
ps03379	Pufe, Hildegard
ps03383	Quaglio, Lorenz d. Ae
ps03384	Raab, Katja
ps03386	Rabus, Fritz
ps03391	Raka Weckerle, Michael
ps03394	Randoll, Philipp
ps03395	Rapodo Graf von Lobedenburg
ps03396	Rapp, Christiane Luise
ps03398	Raschig, Fritz
ps03400	Rasismus, Hans
ps03401	Rau, Karl
ps03403	Rauber, August
ps03404	Rebholz, Eduard
ps03406	Anselmus Rabiosus
ps03408	Rech, Ludwig
ps03409	Recknagel, Georg Friedrich
ps03411	Redwitz, Maximilian Heinrich Oscar ¬von¬
ps03414	Reffert, Hans
ps03415	Refflinghaus, Beate
ps03418	Reginbald II
ps03419	Reginger
ps03420	Regino v. Prüm
ps03423	Regneri, Liesel
ps03476	Rieß, Carl
ps03478	Rinck, Ute
ps03479	Ringloo, Adelheid
ps03482	Rinkenburger, Richard
ps03488	Ristenpart, Karl
ps03372	Probst, Hans
ps03374	Probst, Josef
ps03375	Probst, Rainer
ps03376	Pröger, Johannes
ps03378	Prüstel, Heinz
ps03380	Marsilius
ps03387	Radlow, Ingeborg
ps03389	Raimar, Josef A.
ps03390	Weckerle, Michael
ps03392	Rall, Friedrich
ps03393	Rammung, Matthias ¬von¬
ps03402	Rauber, Alfred
ps03427	Reiland, Ernst
ps03428	Korb, Regina
ps03429	Reimann, Albert (jun.)
ps03430	Reimann, Albert (sen.)
ps03431	Reimann, Ludwig
ps03434	Reinhard, Frhr. von Helmstädt
ps03436	Reinhard, Eugen
ps03437	Reinhard, Josef Martin
ps03440	Reiselt, Hermann
ps03441	Reismüller, Auguste
ps03442	Reiss, Heinz
ps03443	Reiß, Joh. F. W.
ps03444	Reiss, Martin
ps03445	Reiß, Otto
ps03450	Renno, Fritz
ps03458	Rheinwald, Julius-Karl-Louis
ps03469	Rieder-Klippel, Elfriede
ps03470	Riegel, Ernst August Emil
ps03471	Riehl, Günter
ps03525	Ronkenbach, Erich
ps03528	Roos, Gisela
ps03475	Ries, Volker
ps03477	Rinck, Monika
ps03480	Kirmse, G. A.
ps03481	Rink, Franz
ps03484	Riotte, Anna Franziska
ps03486	Risch, Amalie
ps03494	Rittersbach, Theodor
ps03495	Ritterspacher, Else
ps03497	Ritzhaupt, Adam
ps03498	Rock, Falk
ps03499	Rockenbach, Erich
ps03500	Roebel, Ludwig
ps03504	Rödiger, Ludwig
ps03511	Roemer, Philipp
ps03490	Ritter, Josef
ps03491	Ritter, Karl Albrecht ¬von¬
ps03492	Ritter, Karl
ps03493	Ritter, Thomas Pellegrino
ps03496	Ritzer, Helmuth
ps03503	Röder, Ernst
ps03505	Rödter, Heinrich
ps03506	Rödter, Gracchus
ps03507	Gracchus
ps03508	Roehm, Philipp
ps03509	Römer, Friedel
ps03513	Röser, Eric
ps03514	Roesler, Rudolf
ps03560	Rottmüller, Herberg
ps03561	Roux, Jakob Wilhelm Christian
ps03562	Roux, Johann Christian
ps03563	Roux, Karl
ps03564	Rubi, Johann Friedrich
ps03565	Ruby, Otto
ps03566	Rucht, Karel
ps03567	Rudolf I., Pfalzgraf
ps03568	Rudolf II., Pfalzgraf, Kurfürst
ps03569	Rübel, Rosemarie
ps03570	Rücklos, Heinrich
ps03571	Hutzmann
ps03572	Rüdiger, gen. Hutzmann
ps03573	Rüdiger, Andreas
ps03574	Max Paulsen
ps03575	Rüger, Maximilian
ps03576	Rühl, Philipp Jakob
ps03577	Rümpler, Helga / -
ps03578	Rischer
ps03579	Rüscher, Johann Jakob
ps03580	Rüttinger, Gerhard
ps03581	Ruhl, Elisa
ps03582	Ruhoff, Hans
ps03584	Ruland, Carl Friedrich
ps03585	Ruland, Johann Gerhard
ps03586	Ruland, Johannes
ps03589	Rumpf, Martha
ps03591	Rumpler, Helga
ps03592	Runck, Gerd
ps03594	Runge, Stefan
ps03595	Ronius
ps03596	Runge, Wilhelm
ps03598	Rupert von der Pfalz
ps03599	Rupp, August
ps03602	Ruprecht Pfalzgraf v. Zweibrücken-Veldenz-Lützelstein
ps03603	Ruprecht Pfalzgraf
ps03604	Ruprecht I., Kurfürst von der Pfalz
ps03605	Ruprecht III., Kurfürst von der Pfalz
ps03606	Ruprecht von der Pfalz, Deutscher Kaiser
ps03607	Ruprecht von Pfalz-Simmern
ps03609	Rust, Isaac
ps03614	Sabljic, Rajko
ps03615	Sachweh, Ulrich
ps03616	Tänzer, Gerda
ps03617	Sachweh-Tänzer, Gerda
ps03618	Sackmann, Franz
ps03619	Sahm, Rita
ps03621	Saint-André, Jean Bon Baron (Jeanbon)
ps03622	Salabert
ps03623	Freudenthal, Margarete
ps03624	Sallis-Freudenthal, Margarete
ps03625	Satoma
ps03626	Salzmann, Tomas
ps03627	Sand, Ulrich
ps03630	Sartorius
ps03631	Sartorius, Otto
ps03633	Sattel, Paul
ps03635	Sauer, Eugen
ps03636	Sauer, Heinr. Maria
ps03639	Saul, Heinrich
ps03642	Mayring-Gaab, Irma
ps03645	Wittgenstein, Friedrich Ludwig ¬von¬
ps03646	Sayn, Fridrich Ludwig ¬von¬
ps03648	Schaaff, Gustav
ps03649	Schad, Albert
ps03652	Schadaeus, Abraham
ps03654	Schadland, Johannes
ps03659	Schäfer, F. G.
ps03661	Schäfer, Joseph
ps03662	Schäfer, Oskar
ps03664	Schäfer, Wiegand
ps03665	Schätzlein, Christian
ps03668	Schandin, Paul
ps03670	Scharf, Ludwig
ps03671	Scharfenberg, Konrad ¬von¬
ps03672	Scharff, Willi
ps03675	Schattenmann, Karl Heinrich
ps03676	Schaub, Franz Seraph
ps03680	Schaurer, Adolf
ps03699	Scherer, Friedrich
ps03703	Scherr, Julius Andreas
ps03709	Roth, Ingeborg
ps03710	Schiele-Roth, Ingeborg
ps03711	Schifferdecker, Heinz
ps03712	Schiller, Johannes
ps03713	Schilling, Heinrich Andreas
ps03714	Schiltenwolf, Marcus
ps03716	Schimmelpenning, Jochen G.
ps03717	Schimper, Georg Wilhelm
ps03719	Sindelar, Václev
ps03906	Franz, Konstantin
ps03643	Sauter, Irma
ps03658	Schäfer, Anton
ps03663	Schäfer, Ulrich
ps03677	Schaub, Josef
ps03681	Schaurer, Klaus-Rainer
ps03682	Schechinger, Gerhard
ps03683	Scheel, Ursula
ps03684	Scheel, Werner
ps03688	Scheffer, Johann Baptist
ps03689	Scheibenhart, Ernst
ps03690	Scheibenhart, Peter
ps03691	Scheiblich, Lotte
ps03798	Schmolze, Carl Hermann
ps03815	Schneider, Karl Heinz
ps03820	Schneider, Otto
ps03823	Schneider, Rolf-René
ps03826	Wilhelm Michael
ps03827	Perhobstler
ps03828	Schneider, Wilhelm Michael
ps04046	Sommer, Oskar
ps04052	Spangel, Pallas
ps04058	Speyer, Günter / -
ps04059	Spies, Jakob
ps04079	Stahl, Philipp Ritter ¬von¬
ps04080	Stahlen, Fritz
ps04083	Talor, Gottfried
ps04091	Steier, Horst
ps04092	Steigelmann, Karl
ps04218	Tott, Klara
ps03696	SChellinger, Max ¬von¬
ps03697	Scheppler, Philipp Jakob
ps03698	Scherer, Carl Anton
ps03701	Scherer, Lieselotte
ps03702	Scherpf, Wolfgang
ps03705	Scheuermann, Gerold Karl
ps03708	Schiefer, Anton
ps03722	Schindelar-Böhm, Agnes
ps03731	Schleip, Johann Heinrich
ps03733	Schlesinger, Johann Adam
ps03734	Schlesinger, Johann Jakob
ps03735	Schley, Johann Thomas
ps03736	Schlicher, Daniel
ps03737	Schlicher, Walter
ps03738	Schlicht, Abel
ps03739	Schlichten, Johann Franz ¬von¬
ps03740	Schlichten, Jan Philips van der
ps03741	Schlick, Arnold
ps03743	Schlimmer, Gerhard
ps03744	Schlinck, Heinrich
ps03745	Schlosser, Benno K.
ps03750	Schmauß, Fridedrich Riitter ¬von¬
ps03754	Schmidt, Franz
ps03762	Schmidt, Philipp Christian
ps03768	Schmidt-Faber, Georg
ps03769	Heinike, Valy
ps03770	Schmidt-Heinike, Valy
ps03771	Schmidtmann, Johann Daniel
ps03773	Schmitt, Emilie
ps03776	Schmitt, Friedrich
ps03777	Schmitt, Georg Philip
ps03780	Schmitt, Konrad
ps03783	Schmitt, Michael
ps03785	Schmitt, Nikolaus
ps03786	Schmitt, Renate
ps03720	Schindelar, Wenzel
ps03721	Böhm, Agnes
ps03724	Schindler, Wilhelm Ludwig
ps03725	Schineller, Ludwig
ps03726	Schirmer, Aloys
ps03727	Schirmer, Christoph
ps03728	Schlegel, Wolfgang
ps03747	Schmalenberger, Otto
ps03748	Schmalfuß, Peter
ps03749	Schmlz, Johann Heinrich Christian
ps03753	Schmenger, Thomas
ps03755	Schmidt, Franz
ps03756	Schmidt, Hans
ps03757	Schmidt, Harald
ps03761	Schmidt, Ludwig
ps03763	Schmidt, Philipp Daniel
ps03765	Eberhard, Monica
ps03766	Schmidt-Eberhard, Monica
ps03772	Schmitt, Christiana Jiménez
ps03774	Schmitt, Eugen
ps03781	Schmitt, Kurt
ps03788	Schmitt, Werner
ps03790	Schmitt-Groß, Otto
ps03795	Schmitz-Epper, Joseph
ps03897	Bipontinus, Carl Heinrich
ps03899	Maybauer, Ulrich
ps03900	Schultz-Maybauer, Ulrich
ps03901	Schulz, W. D.
ps03902	Vobach, Jo
ps03792	Schmitt-Walter, Karl
ps03794	Epper, Joseph
ps03797	Schmolze, Carl Heinrich
ps03799	Schneckenburger, Elisabeth
ps03800	Schnei, Franz
ps03802	Schneickert, Theo
ps03803	Schneider, Alfons
ps03804	Schneider, Alfred
ps03806	Schneider, Erika
ps03808	Schneider, Georg
ps03809	Schneider, Gretel
ps03810	Schneider, Harald
ps03812	Schneider, Hermann
ps03813	Schneider, Hermann
ps03817	Schneider, Lothar Karl
ps03825	Schneider, Veronika
ps03975	Seitz, otto
ps03978	Sellinger, Josef
ps03979	Sellner, Josef
ps03982	Seltzer-Seidel, Hertha
ps03983	Semar, Sepp
ps03988	Serr, Johann Jakob
ps03990	Settelmeyer, Hermann J.
ps03991	Seuffert, Franz
ps03992	Seyb, Karl
ps03994	Seydel, Max
ps03998	Siben, Wilhelm
ps03999	Sick, Carl Christian
ps03829	Schneider-Baumbauer, Reinhold [Pseud.]
ps03830	Schoch, Johann
ps03831	Schöberl, Franz
ps03833	Schöffler, Moritz
ps03834	Schön, Hans
ps03835	Knauff, Hanni
ps03838	Schöndube, Otto
ps03839	Schöneberg, Egon Franz
ps03840	Schöneich, Horst
ps03841	Schöpfer, Franziska
ps03842	Schloo, Hans-Werner
ps03843	Schollenberger, Helmut
ps03844	Schäfer, Karin
ps03847	Schopmann, Johann Jakob
ps03848	Schopper, Jakob
ps03849	Schorr von Hasel, Jakob
ps03850	Schott, Hermann Simon
ps03852	Schowalter, Jakob Abraham
ps03856	Schraudolph, Johann Baptist
ps03859	Schreiber, Ulrich
ps03864	Schreiner, Werner
ps03865	Schröck, Jakob
ps03867	Schubart, Carl Ludwig
ps03868	Schuber, Nikolaus
ps03869	Schubert, Eva
ps03870	Schubert, Johannes
ps03871	Schubert, Sabine
ps03872	Schubert, Thomas
ps03873	Andres, Verena
ps03875	Blümling, Georg
ps03876	Schubert-Blümling, Georg
ps04222	Trap, Hans
ps03877	Schuberth, Josef
ps03878	Schuck, Kurt
ps03882	Schütz, Fred
ps03898	Schultz-Bipontinus, Carl Heinrich
ps03909	Schumacher, Theodor
ps03912	Schunck, Friedrich Daniel
ps03917	Schütt-Hennings, Annemarie
ps03921	Schwaab, John
ps03935	Schwarz, Wilhelm
ps03943	Schwedt, Ernst Henning
ps03951	Schwind, Daniel
ps03953	Disenberger, Karl
ps03955	Schworm, Willy
ps03960	Seekatz, Johann Ludwig
ps03961	Seel, Otto
ps03962	Seeling, Werner
ps03963	Seelmann, Johann Andreas
ps03965	Sehi, Meinrad
ps03968	Seiter, Johanna
ps03969	Seiter, Karl
ps03970	Seiter, Otto
ps03971	Seiter, Robert
ps03973	Seither, Klaus
ps03977	Seligmann, Moses
ps03980	Seltzer, Ernst Günther
ps03981	Seidel, Hertha
ps03985	Senkenberg, Karl
ps03987	Serini, Philipp Jakob
ps03989	Sessig, Robert
ps04001	Hummel, Lene
ps03880	Schüler, Friedrich
ps04101	Steinfeld, Karl-Heinz
ps04102	Steinhauer, Jutta
ps04173	Sulanke, Heinz-Leopold
ps04174	Süß, Theodor
ps04175	Sundahl, Chrétien Louis Philippe
ps04176	Sundahl, Jonas Erikson
ps04178	Svoboda, Caroline
ps04179	Svoboda, Alberta Maria Schwester
ps04180	Syfer, Hans
ps04190	Tettenborn, Wilhelm
ps04192	Theil, Fritz
ps04193	Theis, Kurt / -
ps04196	Theysohn, Friedr
ps04197	Thiebes, Bruno
ps04198	Thiel, Rudolf
ps04200	Thiele, Hans Günter
ps04201	Thiele, Herbert
ps04204	Thoma, Lucile
ps04205	Thomas, Claude
ps04206	Thomas, Liesel
ps04212	Thüringer-Reiss, Elisabeth
ps04214	Tischberger, Eduard
ps04220	Traitteur, Johann Andreas
ps04221	Trapp, Hanns
ps04226	Tremellius, Immanuel
ps04227	Trey, Kartharina
ps04228	Treu, Katharina
ps04229	Troeltsch, Hermann
ps04230	Tröß, Rudolf Karl
ps04232	Trübner, Alice
ps04234	Tschoepke, Ernst Theodor
ps04235	Türk, Erwin
ps04236	Ubhaus, Wendelin
ps04239	Ullmann, Heinrich
ps03883	Schüz, Christian Georg d.Ae
ps03885	Schuh, Kaarl
ps03886	Schuhmacher, Richard
ps03887	Schüler, Alfred
ps03888	Schuler, Karl Joseph
ps03889	Schuler, Maximilian
ps03890	Schulte, Wilhelm
ps04097	Stein, Marianne
ps04098	Bisson, Marianne
ps04099	Steiner, Heinrich
ps04100	Steiner, Helmut
ps04112	Stempel-Lebert, Margot
ps04113	Stengel, Carl Albert Freiherr ¬von¬
ps04115	Stengel, Stephan Freiherr ¬von¬
ps04119	Sterzing, Christian
ps04121	Stichter, Otto Hans
ps04123	Stieler, Philipp Jakob
ps04124	Stier, Karlheinz
ps04125	Stilling, Günther
ps04126	Stimm, Helmut
ps04127	Stober, Siegfried
ps04128	Stocké, Rainer F
ps04129	Stockinger, Georg Jakob
ps04130	Stöbener, Richard
ps04132	Söber, Franz
ps04133	Stoepel, Johann Heinrich
ps04134	Stösser, Ludwig
ps04135	Stoffel, Otto
ps04137	Stoll, Ute
ps04138	STorck, Johannes
ps04139	Stoye, Rudolf
ps03907	Schulze-Franz, Konstantin
ps03908	Schumacher, Karl
ps03910	Schumann, Heiner
ps03913	Schup, Otto
ps03914	Schuschu, Marcel
ps03916	Hennings, Annemarie
ps03918	Schwab, Fritz
ps03919	Schwaab, Fritz
ps03922	Schwaab, Tosca Martha
ps03924	Schwallo, Heinrich
ps03925	Schwalm, Hans-Dieter
ps03926	Schwamm, Hermann
ps03927	Schwanckhardt, Johann Melchior Conrad
ps03932	Schwarz, Edith Ingeborg
ps03933	Scharz, Robert
ps03934	Schwarz, Rudolf
ps03936	Erlburg, L. v.
ps03937	Schwarzenau, Maria v.
ps03938	Schwarzmann, Joseph
ps03939	Risch, Erica
ps03940	Schwarz-Risch, Erica
ps03941	Schwebel, Johannes
ps03942	Schweder, Stephan
ps03944	Schweier, Marion
ps03946	Schweizer, Franz
ps03947	Schweizer, Hans-Jürgen
ps03948	Schwenke, Heidrun
ps03950	Schweyer, Jeremias Karl
ps03952	Schwöbel, Otto
ps03959	Seefelder, Matthias
ps04007	Siebert, Wilhelm
ps04010	Siegried (II.) von Wolfsölden
ps04011	Siegfried III., Frhr. von Venningen
ps04020	Sigwin
ps04023	Simon, E. O. K.
ps04024	Simon, Peter
ps04025	Schnabel, Else
ps04026	Sinn, Else
ps04027	Sinsheimer, Hermann
ps04028	Sintzenich, Heinrich
ps04029	Sittel, Hedi
ps04030	Sitzenstuhl, Franz
ps04004	Siebein, Justus Heinrich ¬von¬
ps04006	Siebert, Heinz-Karl
ps04012	Siegfried, Cornelius
ps04013	Siegle, Gustav ¬von¬
ps04015	Sievert, Erika
ps04016	Sigefrid, Cornelius
ps04018	Sigibodo I.
ps04019	Sigibodo II., von Lichtenberg
ps04021	Silbernagel, Kunigunde
ps04022	Simmern, Richard ¬von¬
ps04032	Slowig, Helmut
ps04034	Smissen, Hinrich van der
ps04035	Smith, David (Allen)
ps04036	Smola, Emmerich
ps04039	Sohn, Alfons Eduard
ps04040	Sohn, Rosemarie
ps04042	Someren, Jan van
ps04043	Somers, Hans Walter Simon
ps04044	Somers, Harry W.
ps04048	Sona, Martin
ps04050	Sonnabend, Bruno
ps04051	Sophie, Kurfürstin von Hannover
ps04053	Spangenberg, Johann Justus
ps04054	Spanheim, Ezechiel
ps04055	Spatz, Hermann
ps04060	Spieß, Georg Friedrich
ps04062	Spindler, Ingrid
ps04063	Spindler, Matthias
ps04065	Spitzer, Eberhard
ps04066	Spitzer, Karl Philip
ps04067	Spitzer, Wolf
ps04068	Spitzer, Wolfram
ps04071	Spuhler, Ludwig
ps04072	Staab, Liesel
ps04074	Stadtmüller, Fidelis
ps04033	Smet, Henrik ¬de¬
ps04037	Sötern, Philipp Christoph ¬von¬
ps04070	Sprißler, Joseph
ps04095	Steimmig, Anne
ps04120	Stich, Philipp
ps04136	Stoll, Adolf
ps04141	Strasser, Dieter
ps04142	Strasser, Hermann
ps04144	Straus, Oskar Salomon
ps04319	Wagner, Irene
ps04321	Wahl, Fridrich Gerhard
ps04323	Wahrheit, Hans
ps04328	Walk, Adam
ps04329	Walpergen, Peter Friedrich ¬von¬
ps04374	Weiher, Anton
ps04375	Weil, Karl
ps04376	Weil, Otto
ps04378	Weiland, Gerd
ps04379	Weiler, Erich
ps04385	Weintz, J
ps04409	Wenz, Hermann
ps04410	Wenz, Otto
ps04412	Werbelow, Rolf
ps04413	Werle, Eugen
ps04414	Werner II. von Bolanden
ps04415	Werner von Themar, Adam
ps04418	Werner, Günther
ps04419	Werner, Günter
ps04420	Wernz, Else
ps04421	Schmitt, Friedrich W.
ps04075	Stahl, Hans-Peter
ps04076	Stahl, Johann Leonhard
ps04078	Stahl, Otto
ps04082	Stamer, Lorenz
ps04084	Stamer, Ludwig
ps04086	Stark, Paul
ps04104	Steinmetz, Thomas
ps04105	Steitz, Erwin
ps04106	Steitz, Fritz
ps04107	STella, Tillmann
ps04108	Stemler, Maria
ps04157	Strubel I., Jakob
ps04161	Strüdt, Johann Jacob
ps04162	Strüppler, Theodor
ps04277	Violet, Augustin
ps04280	Voegelin, Ernst
ps04281	Voelckel, Ernst
ps04282	Voelcker, Conrad
ps04284	Plewe, Ilse
ps04285	Voelcker-Plewe, Ilse
ps04288	Vogel-Trummer, Lore
ps04298	Voit, Richard Jakob Augsut ¬von¬
ps04301	Vollnhals, Rudolf
ps04302	Volz, Wilhelm
ps04303	Vonholt, Birgit
ps04304	Voos, Arthur
ps04306	Vorhauer, Ben
ps04308	Vorhauer, Michael
ps04311	Wack, Josef
ps04313	Waechter, Georg Christoph
ps04314	Waechter, Johann Georg
ps04315	Waffenschmidt, Karl
ps04322	Wahrheit, Andreas
ps04330	Walram, Graf von Veldenz
ps04333	Walthaner, Karl
ps04094	Steigner, Georg
ps04272	Vetter, Anneliese
ps04274	Viglius von Aytta
ps04275	Viktor, Georg
ps04276	Villingen, Dieter
ps04278	Virdung, Johann
ps04279	Voegli, Ernst
ps04283	Voelcker, Friedrich Valentin
ps04286	Vogel, Andreas
ps04287	Trummer, Lore
ps04289	Vogelgesang, Hugo
ps04290	Vogelmann, Johann Carl
ps04291	Vogelsang, Otto
ps04292	Vogelsberger, Sebastian
ps04295	Voidel, David
ps04296	Voigt, Lily
ps04299	Vollmar, Ruprecht
ps04300	Vollmer, Irma
ps04309	Voß, Monika
ps04310	Votteler, Jutta / -
ps04316	Wagner, Ritter Franz ¬von¬
ps04336	Wambsganß, Utta
ps04347	Weber, Friedrich Wilh
ps04349	Weber, Hans
ps04351	Weber, Johann Carl
ps04352	Weber, Joseph
ps04356	Weber, Roswitha
ps04358	Weber, Walburga
ps04359	Weber, Wilhelm
ps04362	Heubach, Gertrud
ps04363	Weber-Heubach, Gertrud
ps04364	Wegener, Wolfram M
ps04366	Wegener-Warsow, Lisa
ps04140	Strässer, Herbert
ps04145	Strauss, Bernhard
ps04146	Strauß, Emil
ps04147	König, Richard
ps04149	Strebel, Otto
ps04150	Streibert, Armin
ps04151	Streit, Hanfried
ps04154	Strigel, Lene
ps04155	Stromeyer, Christian
ps04156	Strubel, Eduard
ps04158	Strubel, Johann
ps04159	Strubel, Johann
ps04164	Stuecklen, Karl Wilhelm
ps04165	Stuhlfauth, Georg
ps04167	Stumm-Halberg, Karl Ferdinand Freiherr ¬von¬
ps04168	Stumpf, Alois
ps04169	Godramstein, Heinz
ps04170	Bellois, Claude
ps04172	Sütsch, Margarete
ps04181	Syfer, Lienhart
ps04183	Tabernamontanus, Theodor Jacob (Giacomo)
ps04184	Tannhäuser, Wolfhard
ps04185	Tascher, Johann Jakob
ps04186	Tatge, Willi
ps04187	Telsob, Theo
ps04188	Terrasse, Francois-Joseph
ps04191	Theeßen, Hildegard
ps04195	Theodor, Jakob
ps04202	Thies, Katharina
ps04209	Thomas, Nikolaus
ps04210	Thomeczek, Wolfgang
ps04211	Reiss, Elisabeth
ps04213	Thumm, Ludwig
ps04215	Todenhöfer, Jürgen Gerhard
ps04216	Töber, Georg
ps04217	Tornes, Dieter
ps04223	Trap, Yvonne
ps04224	Traut, Martha
ps04240	Ullmann, Ludwig
ps04242	Ulm, Friedrich
ps04244	Ulrich II
ps04248	Unverricht, Hans Georg
ps04250	Urschbach, Ludwig
ps04251	Ursinus, Zacharia (Baer)
ps04252	Usslaub, Friedrich Wilhelm
ps04253	Utech, Joachim
ps04254	Valerius, Kaspar
ps04255	Steinberg, Uli
ps04256	Valjavec-Steinberg, Uli
ps04257	Varga, Feri
ps04260	Veil, Theodor
ps04261	Velman, Philipp
ps04264	Venedey, Jakob
ps04266	Venningen, Eberhard Friedrich ¬von¬
ps04243	Ulrich I. von Dürrmenz (Düremenz)
ps04258	Vatter, Julika
ps04259	Vauban, Sebastian Prêtre ¬de¬
ps04265	Vener, Job
ps04267	Venningen, Florenz
ps04268	Verhas, Theodor
ps04269	Verhelst, Ägidius d.J
ps04682	Doerr, Johannes M.
ps04684	Drescher, Margit C. / -
ps04685	Dürr, Bernd
ps04687	Emde, Beate
ps04690	Fuchs, Ulrike Susan
ps04692	Gamber, Manuela
ps04334	Walther von Speyer
ps04335	Walter, Philipp Franz ¬von¬
ps04337	Wand, Theodor
ps04340	Warth, Oto
ps04341	Wassermann, Alfred
ps04342	Waterstradt, Ilse Marie
ps04343	Weber, A
ps04344	Weber, Alois
ps04353	Weber, Lotte
ps04357	Weber, Uwe
ps04365	Warsow, Lisa
ps04388	Weiss, Franz
ps04367	Wehr, Robert
ps04368	Wehrheim, Karl
ps04370	Weidenthaler, Manfred
ps04371	Weigel, Andrea
ps04372	Weiglein, Willy
ps04381	Weinheimer, Peter
ps04382	Weinkauf, Franz Ludwig
ps04383	Weinkauff, Hermann
ps04384	Weintz, Heinrich
ps04386	Weis, Hans
ps04387	Weis, Nikolaus ¬von¬
ps04389	Weiss, Georg Michael
ps04391	Weiss, Pantaleon
ps04392	Weißenbach, Valentin
ps04394	Wekel, Albert
ps04395	Welke, Peter
ps04396	Stahel, Anneliese
ps04397	Welker-Stahel, Anneliese
ps04399	Welsch, Theodor
ps04400	Weltz, Johann Bartholomäus
ps04401	Wendel, Alwin
ps04402	Wendel, Joseph Kardinal
ps04404	Wendel, Werner
ps04406	Wendling, Jean-Baptiste
ps04407	Wenner, Cuno
ps04408	Wenner, Friedrich
ps04416	Werner, Benno
ps04424	Wessa, Georg
ps04429	Wetzka, Birgit
ps04432	Weyerstall, Eugen
ps04433	Weygand, Hermann
ps04434	Weigandi, Hermann
ps04436	Weysser, Mathias
ps04438	Wickram, Georg
ps04423	Wesely, Hans
ps04426	Westrich, Klaus-Peter
ps04658	Anh, Hoang
ps04663	Baumann, Herbert
ps04672	Bräunling, Fred
ps04673	Brandeis, Heide
ps04428	Wetzler, Friedrich
ps04431	Weyerhäuser, Friedrich
ps04437	Wickart, Franz Joseph
ps04454	Wilde, August
ps04458	Wilhelm von Zweibrücken
ps04469	Willer, Jakob
ps04471	Willing, Johannes
ps04474	Wilms, Rudolf
ps04476	Wilwerth, Hubert
ps04485	Winter, Fritz
ps04486	Wintergerst, Alois
ps04488	Winz, Anette
ps04490	Wiß, Benedikt
ps04495	Wittmann, Johannes
ps04496	Wittmann, Ulla
ps04499	Wodin, Natascha
ps04500	Wölbing, Hans
ps04501	Woerner, Bertlinde
ps04505	Wohnhaas, Theodor
ps04507	Woitschach, Marcella
ps04508	Wolf, Brigitte
ps04512	Wolf, Friedel
ps04513	Wolf, Heidi
ps04516	Wolff, Johann
ps04517	Wolff, Johann Baptist Adolf
ps04518	Wolff, Karl August
ps04519	Wolffhügel, Kurt Wolfgang
ps04520	Wolfgang Pfalzgraf von Neuburg und Zweibrücken
ps04521	Wolfgang, Herzog von Zweibrücken
ps04522	Wolfgang Wilehlm von Pfalz-Neuburg, Grafa zu Veldenz u. Sponheim
ps04523	Wolfgarten, Hans
ps04524	Woll, Erna
ps04525	Woll, August
ps04601	Gensinger, Monika
ps04439	Wigram, Georg
ps04441	Wiedemann, Fritz
ps04442	Wiedemann, Karl
ps04443	Wiedemann, Kurt
ps04445	Wiegmann, Ursula Maria
ps04446	Wiemann, David
ps04447	Wien, Karl
ps04450	Wihr, Rudolf
ps04451	Wilcken, Hermann
ps04452	Wild, Franz
ps04453	Wildberger, Carl
ps04455	Wilde, Julius
ps04457	Wilding, Ludwig
ps04463	Wilkes, Albert
ps04464	Wilking, Franz
ps04465	Will, Franz Ritter ¬von¬
ps04467	Wille, Jacob Philipp
ps04468	Wille, Jean Georg
ps04470	Willich, Caesar Carl
ps04472	Willscheid, Hilarius
ps04475	Wilms, Susane
ps04478	Winter, Lenz
ps04481	Winicker, Hermann
ps04482	Winkelmann, Edgar
ps04491	Witte, Jan ¬de¬
ps04494	Wittinger, Robert
ps04498	Witzel, Heinrich
ps04502	Woerner, Willi
ps04503	Wöschler, Matthias
ps04528	Wollenweber, Louis August
ps04533	Worgull, Elmar B. W.
ps04536	Wrede, Karl Theodor Fürst ¬von¬
ps04548	Zacher, Joachim
ps04552	Zehfuß, Franz
ps04553	Zeilleis, Alfons
ps04556	Zenger, Johann Peter
ps04557	Zepf, Heidelinde
ps04558	Zettler, Ilse
ps04559	Zeuner, Georg Günther
ps04560	Zeuss, Johann Caspar
ps04562	Ziellenbach, Karl-Roland
ps04564	Zieske, Andreas-W
ps04568	Zimmer, Hans
ps04577	Zinn, Christian
ps04581	Zobel, Erika
ps04590	Zwick, Klaus
ps04597	Halama, Monika
ps04598	Knallinger, Heiner
ps04600	Kuhn, Horst
ps04602	Jäger, Ernst
ps04607	Kreuter, Josef-Heinrich
ps04612	Penot, Bernard Georg
ps04614	Pfeiffer, Peter H
ps04615	Oberberger, Josef
ps04616	Kups, Paul
ps04617	Heusch, Anneliese
ps04619	Feodora
ps04623	Rüstringen, Heinrich (auch Heinz)
ps04624	Damian, Jakob
ps04625	Dumarsais
ps04626	Thiry
ps04627	In den Eicken, Paul
ps04628	Riesler, Ulrich
ps04527	Wollenschläger, Theo
ps04529	Wolfsieffer, Philipp
ps04530	Wolter, Susanne
ps04532	Wonnsam, Anton
ps04535	Wrede, Karl Philipp Fürst ¬von¬
ps04537	Wuehl, Arnold
ps04538	Würpel, Richard
ps04539	Würschmitt, Bernhard
ps04540	Würtz, Emil Heinrich
ps04541	Würz, Emil
ps04542	Wüst, Heinrich
ps04543	Wüst, Karl
ps04544	Wüst, Philipp
ps04545	Wüst, Wilhelm
ps04549	Zaech, Peter
ps04554	Zeitlinger, Karl
ps04563	Ziesenis, Johann Georg
ps04565	Zill, Rudolf-Gerhard
ps04566	Zillig, Jochen
ps04567	Zimmer, Friedrich
ps04572	Zink, Adolf
ps04575	Zinkgraf, Ingrid
ps04576	Zinn, Carl Christian Julius
ps04578	Zipff, Johannes Stephan
ps04579	Zipf, Johannes Stephan
ps04580	Zink, Ernst
ps04584	Zörner, Josef
ps04585	Zügel, Heinrich ¬von¬
ps04586	Zügel, Willy
ps04587	ZumLamm, Marcus
ps04591	Zwiesel, Johann D.
ps04604	Jatzi, Emmy
ps04606	Kadel, Klaus
ps04608	Falk, Peter
ps04609	Sachsenheimer, Wilfried
ps04611	Westhoven, Franz
ps04613	Löffler, Paul
ps04629	Hartung, Michael
ps04631	Hasel, Jakob Schorr ¬von¬
ps04633	Haas, Stephan
ps04636	Wernher, Johann Wilhelm
ps04637	Wernher, Johann Wilhelm
ps04641	Eißlinger, Balthasar
ps04644	Dahl, Wilfried
ps04646	David, Alfons
ps04649	Deuber, Margit
ps04651	Kneller, Oskar
ps04676	Brill, Manfred
ps04677	Brunner, Wolfgang Peter
ps04683	Dörr, Valentin
ps04688	Fauck, Siegfried
ps04689	Fehlauer, Brigitte
ps04630	Hartung, Johann Philipp
ps04639	Christophel-Georgens, Doris
ps04645	Dauth, Jutta
ps04653	Agricola, Johannes
ps04655	Amalia Augusta
ps04657	Hoang, Anh
ps04659	Antes, Christian
ps04660	Basler, Heinrich
ps04661	Bauer, Beate
ps04664	Bergner, Edgar
ps04666	Betz, Heinrich
ps04667	Bishup, Peter
ps04668	Blank, Josef
ps04669	Blankhart-Laub, Elke
